samples;2-Aminobutyrate;2-Hydroxybutyrate;2-Hydroxyisovalerate;2-Oxoisocaproate;3-Hydroxybutyrate;3-Hydroxyisobutyrate;3-Methyl-2-oxovalerate;Acetaminophen;Acetate;Acetone;Alanine;Aspartate;Betaine;Choline;Citrate;Creatine;Creatinine;Cysteine;Dimethyl sulfone;Fructose;Fumarate;Glucose;Glutamate;Glutamine;Glycerol;Glycine;Hippurate;Histidine;Homocysteine;Hypoxanthine;Inosine;Isobutyrate;Isoleucine;Isopropanol;Isovalerate;Lactate;Leucine;Lysine;Methanol;Methionine;Methylguanidine;Methylmalonate;Methylsuccinate;O-Acetylcarnitine;O-Phosphocholine;Ornithine;Phenylalanine;Proline;Propylene glycol;Sarcosine;Serine;Succinate;Threonine;Tryptophan;Tyrosine;Urea;Valine;myo-Inositol;pi-Methylhistidine;Methylhistidine
90010101;0,0025;0,0103;0,0034;0,0033;0,0576;0;0,0028;0,0017;0,046;0,0087;0,0843;0,0073;0,0057;0,0018;0,0366;0,007;0,0063;0,0048;0,0007;0,0019;0,0098;1,2452;0,1154;0,0567;0,4587;0,0531;0;0,0024;0,0058;0,0013;0,0019;0,0023;0,0121;0,0041;0,0023;0,2913;0,0243;0,0415;0,0631;0,0013;0,0026;0,002;0;0,0018;0,0077;0,0163;0,0115;0,1761;0,0306;0,0046;0,0187;0,0017;0,0451;0,006;0,011;0,4454;0,0508;0,0043;0,003;0,0147
90010401;0,0025;0,0111;0,0055;0,0015;0,0395;0,0007;0,001;0;0,0599;0,0078;0,1612;0,1043;0,0064;0,061;0,0282;0,002;0,0099;0,0282;0,0005;0,0029;0,0049;1,4281;0,2485;0,0298;0,4236;0,1052;0;0,0004;0,0104;0,0013;0,0005;0,0043;0,0271;0,0067;0,0023;0,2075;0,1787;0,1322;0,0957;0,0009;0,0013;0,002;0,001;0,0018;0,0189;0,0276;0,0483;0,1557;0,0464;0,0158;0,1095;0,0047;0,1086;0,0274;0,0554;0,7253;0,1241;0,0042;0,0004;0,0226
90010501;0,0025;0,0217;0,0054;0,0008;0,0161;0,0029;0,0055;0;0,0928;0,0048;0,2474;0,0723;0,0057;0,0688;0,0302;0,0104;0,0134;0,027;0,0006;0,0015;0,0065;2,2648;0,2305;0,0232;0,369;0,1121;0,0001;0,0012;0,0198;0,001;0,0005;0,0055;0,0269;0,0058;0,0088;0,9635;0,1349;0,1996;0,1109;0,0015;0,0022;0,002;0,005;0,0018;0,0262;0,0163;0,0356;0,2346;0,0096;0,0145;0,033;0,0088;0,0889;0,0504;0,1151;0,5221;0,1075;0,015;0,0003;0,0302
90010601;0,0032;0,0059;0,0014;0,0021;0,0182;0,0008;0,0036;0,0022;0,0387;0,0034;0,1013;0,0103;0,0055;0,0018;0,0253;0,005;0,0096;0,0169;0,0014;0,0021;0,0098;1,7345;0,1527;0,0178;0,3282;0,0706;0,0001;0,001;0,0063;0,0014;0,0029;0,0022;0,0098;0,0044;0,0022;0,3672;0,0193;0,0263;0,051;0,0011;0,0013;0,002;0,0004;0,0018;0,0008;0,0103;0,0136;0,1091;0,0219;0,0001;0,0216;0,0017;0,0188;0,0071;0,006;0,2787;0,0395;0,002;0,0006;0,002
90010701;0,0036;0,0103;0,0034;0,0032;0,0093;0,0006;0,0038;0,0006;0,0309;0,0023;0,1212;0,0014;0,0067;0,0018;0,0236;0,0052;0,0104;0,0097;0,0009;0,0059;0,0098;1,5289;0,143;0,0323;0,4971;0,0792;0,0001;0,0023;0,0093;0,001;0,0006;0,0019;0,0121;0,0043;0,0016;0,4001;0,0235;0,035;0,0678;0,003;0,0017;0,0029;0,001;0,0011;0,0069;0,0126;0,0229;0,2025;0,0313;0,0019;0,0367;0,0016;0,0403;0,0089;0,0118;0,367;0,042;0,0054;0,0327;0,017
90010801;0,0025;0,0082;0,0013;0,002;0,0094;0,0007;0,0033;0;0,0322;0,0033;0,1102;0,0091;0,0046;0,0018;0,0091;0,0049;0,0044;0,0211;0,0015;0,0059;0,0079;1,545;0,1324;0,0773;0,4587;0,044;0;0,0001;0,0036;0,0008;0,0019;0,0021;0,0103;0,0041;0,0009;0,2676;0,0111;0,0223;0,045;0,0019;0,0023;0,002;0,0018;0;0,0096;0,0049;0,0062;0,0998;0,0181;0,0026;0,0325;0,0024;0,0308;0,0127;0,0076;0,4192;0,0286;0,0041;0,0007;0,0095
90010901;0,0026;0,0058;0,0027;0,0023;0,0326;0,0004;0,0025;0,0003;0,0333;0,005;0,0459;0,0018;0,0071;0,0018;0,0304;0,0135;0,0078;0,01;0,0027;0,0028;0,0068;1,0452;0,0487;0,0677;0,2766;0,0467;0;0,0008;0,007;0,0011;0,0003;0,0017;0,0083;0,0027;0,0014;0,156;0,0167;0,0207;0,0309;0,0033;0,0004;0,002;0,0012;0,0018;0,0021;0,0149;0,0154;0,1129;0,0144;0,0009;0,0244;0,0009;0,0327;0,009;0,0279;0,7979;0,036;0,0068;0;0,0077
90011001;0,0025;0,006;0,0015;0,0021;0,0132;0,0009;0,0016;0,0031;0,046;0,0036;0,0356;0;0,0103;0,004;0,0171;0,0125;0,0054;0,0189;0,003;0,0044;0,0057;0,9519;0,0867;0,034;0,4695;0,0095;0,0005;0,0025;0;0,0005;0,0025;0,0014;0,0071;0,0041;0,0008;0,1796;0,0127;0,022;0,0412;0,0003;0,0025;0,0014;0;0,0016;0,0018;0,0098;0,0089;0,1011;0,0189;0,0046;0,0276;0,001;0,0203;0,018;0,0087;0,6619;0,0286;0;0;0,0085
90011301;0,0025;0,0074;0,0023;0,0027;0,0092;0,0008;0,004;0,0007;0,0291;0,0025;0,0297;0;0,0081;0,0018;0,0166;0,0129;0,0089;0,0079;0,0009;0;0,0045;1,0533;0,0451;0,0672;0,3769;0,0269;0,0007;0,0006;0,0084;0,0013;0,0015;0,0014;0,008;0,0003;0,0012;0,1389;0,0171;0,0253;0,0054;0,0021;0,0003;0,002;0;0,0006;0,0042;0,0148;0,0301;0,1023;0,0018;0,0009;0,0211;0,0007;0,027;0,0078;0,0136;0,5234;0,0391;0,005;0,0015;0,0093
90011401;0,0025;0,0045;0,002;0,0023;0,0033;0,0008;0,0056;0,0011;0,0267;0,0013;0,0587;0;0,0098;0,0018;0,0307;0,0146;0,0081;0,0053;0,0003;0,0044;0,0047;1,036;0,0391;0,073;0,384;0,0291;0;0,0031;0,0091;0,0013;0,0034;0,001;0,0063;0,0005;0,0011;0,1268;0,0175;0,0437;0,0033;0,0067;0,0009;0,002;0,0014;0,0018;0,0103;0,0139;0,0084;0,1511;0,0002;0,0015;0,0204;0,0013;0,0855;0,0269;0,0154;0,4333;0,0363;0,006;0,0056;0,0105
90011501;0,0025;0,003;0,0025;0,0022;0,0029;0,0003;0,0047;0,0062;0,0233;0,0021;0,0528;0;0,0083;0,0016;0,0263;0,0072;0,007;0,0043;0,0013;0,001;0,0048;1,3034;0,0287;0,0729;0,301;0,0386;0,0007;0,0141;0,006;0,0013;0,0008;0,001;0,0091;0,0003;0,0013;0,2078;0,0168;0,0241;0,0193;0,0042;0,0006;0,002;0,0002;0,0018;0,0025;0,0098;0,0071;0,1061;0,0009;0,001;0,0194;0,0009;0,0557;0,0192;0,0094;0,4514;0,0346;0,0052;0,0032;0,0042
90011601;0,0025;0,0055;0,0021;0,0033;0,0036;0,001;0,0059;0,0012;0,0348;0,0012;0,0666;0;0,0111;0,0012;0,0187;0,0127;0,0039;0,0088;0,0001;0,0018;0,0057;1,4685;0,0806;0,0344;0,4482;0,063;0,0004;0,0011;0,0186;0,0008;0,0007;0,0017;0,0108;0,0005;0,0023;0,2643;0,0176;0,0273;0,0183;0,0052;0,0007;0,002;0,0014;0;0,0021;0,009;0,0152;0,0957;0,0013;0,0021;0,0253;0,0012;0,0564;0,0304;0,0136;0,7362;0,0417;0,0065;0,0004;0,0081
90011701;0,0025;0,0034;0,0014;0,0036;0,0041;0,0005;0,0055;0,0003;0,0261;0,0014;0,0584;0;0,0086;0,0018;0,0098;0,0076;0,0074;0,0095;0,0012;0,0031;0,005;0,8054;0,0701;0,0319;0,4045;0,065;0,0012;0,0002;0,0083;0,0007;0,0004;0,0013;0,0026;0,0017;0,0005;0,2082;0,0086;0,0234;0,0183;0,0014;0,0006;0,0023;0,0006;0,0018;0,0006;0,006;0,0133;0,0793;0,0007;0,001;0,0172;0,0009;0,0278;0,0109;0,0105;0,9131;0,031;0,0048;0,0002;0,0003
90020101;0,0025;0,0068;0,0013;0,0024;0,0045;0,0025;0,0041;0,0007;0,0395;0,0023;0,0726;0,028;0,0117;0,0034;0,0294;0,0133;0,0153;0,0099;0,0046;0,0051;0,009;1,0383;0,067;0,0599;0,3908;0,0427;0,0013;0,0066;0,0069;0,0025;0,0021;0,002;0,0146;0,0006;0,0017;0,241;0,0245;0,0501;0,1601;0,0023;0,0009;0,0017;0,0009;0,0015;0,0105;0,0071;0,0139;0,0388;0,0007;0,003;0,0283;0,0027;0,0323;0,021;0,0179;0,9216;0,0564;0,0017;0,0114;0,0146
90020401;0,0025;0,0141;0,0011;0,0025;0,028;0,0035;0,0051;0,0007;0,0326;0,0047;0,0481;0,0028;0,0124;0,0037;0,1728;0,0148;0,0125;0,0095;0,0002;0,0021;0,0061;0,8831;0,0486;0,0604;0,4178;0,0198;0,003;0,0058;0,0052;0,0008;0,0004;0,0021;0,0162;0,0005;0,0018;0,1312;0,0256;0,0449;0,0843;0,0028;0,0019;0,0015;0,0007;0,003;0,0017;0,0084;0,0191;0,0299;0,0009;0,0021;0,0249;0,0011;0,0263;0,0083;0,007;0,9755;0,0535;0,0083;0,0005;0,0134
90020501;0,0025;0,0064;0,0007;0,0016;0,0086;0,0005;0,0036;0,0007;0,0245;0,0018;0,0479;0;0,0081;0,0029;0,0244;0,0138;0,0129;0,0059;0,0001;0,0009;0,0039;0,9045;0,026;0,0705;0,3412;0,0378;0,0004;0,0006;0,0029;0,0054;0,001;0,0013;0,0163;0,0003;0,0011;0,1135;0,0256;0,0329;0,0291;0,0023;0,002;0,0007;0,0024;0,0018;0,0079;0,0105;0,011;0,0342;0,0006;0,0019;0,0201;0,0017;0,0246;0,0146;0,0111;0,6577;0,0437;0,0052;0,0002;0,0079
90020601;0,004;0,0131;0,0024;0,0043;0,0408;0,0023;0,0048;0,0011;0,0517;0,0084;0,0452;0;0,0145;0,003;0,0252;0,0203;0,0168;0,0102;0,0048;0,0074;0,0058;1,0925;0,0448;0,071;0,2983;0,0272;0,0033;0,0008;0,0046;0,0005;0,0002;0,0009;0,017;0,0007;0,0013;0,1797;0,0221;0,0476;0,0598;0,0019;0,0019;0,002;0,0033;0,0035;0,0011;0,0119;0,0117;0,0306;0,0034;0,002;0,0211;0,0024;0,0262;0,0078;0,0174;1,0288;0,0562;0,0163;0,0002;0,0137
90020701;0,0025;0,0058;0,0007;0,0023;0,0043;0,0016;0,0031;0,0003;0,0298;0,0027;0,0639;0;0,0124;0,0045;0,0394;0,0133;0,0163;0,0113;0,007;0,005;0,0056;1,1769;0,0563;0,0567;0,3085;0,0206;0,0009;0,0002;0,0083;0,0004;0,0006;0,001;0,0168;0,0002;0,0006;0,1516;0,0249;0,0398;0,0162;0,0003;0,0007;0,0004;0,0008;0,004;0,0015;0,011;0,0105;0,0383;0,0005;0,0016;0,0192;0,0016;0,0239;0,0066;0,0115;0,903;0,0532;0,012;0,0002;0,0149
90020801;0,0025;0,0068;0,001;0,0041;0,0064;0,0076;0,004;0,0006;0,0268;0,0039;0,0843;0,0128;0,0143;0,0043;0,0382;0,0332;0,0157;0,0074;0,0147;0,0023;0,0076;1,0722;0,049;0,0598;0,4587;0,0271;0,0013;0,0007;0,0169;0,0007;0,0005;0,0015;0,0305;0,0002;0,0011;0,205;0,0526;0,0629;0,0148;0,0008;0,0008;0,001;0;0,0078;0,0035;0,0125;0,0176;0,0709;0,0011;0,0029;0,0265;0,0017;0,0377;0,0341;0,0229;1,2417;0,0917;0,0077;0,0008;0,0042
90020901;0,0025;0,009;0,0006;0,0035;0,0175;0,0009;0,0037;0,0006;0,0336;0,0046;0,06;0;0,0125;0,0048;0,0366;0,0162;0,0175;0,009;0,0063;0,0058;0,0076;1,2872;0,058;0,0567;0,4587;0,0276;0,0015;0,0008;0,0087;0,0006;0,0006;0,001;0,0187;0,0005;0,0008;0,1225;0,0285;0,0476;0,0125;0,0001;0,0011;0,002;0,0033;0,0046;0,0011;0,0108;0,0123;0,0403;0,0009;0,0015;0,0096;0,0019;0,0264;0,0067;0,0154;1,3518;0,0528;0,0123;0,0004;0,0166
90021001;0,0041;0,0046;0,0007;0,003;0,0035;0,0011;0,0034;0,0001;0,0416;0,003;0,0688;0,0014;0,0228;0,0069;0,0392;0,0312;0,0159;0,0077;0,0027;0,0041;0,0067;1,0735;0,0544;0,0553;0,4266;0,0438;0,0009;0;0,0043;0,0003;0,0003;0,0016;0,0214;0,0001;0,0008;0,1871;0,0335;0,0495;0,0108;0,0057;0,0004;0,0011;0,003;0,001;0,0006;0,0117;0,0127;0,0544;0,0007;0,0023;0,0204;0,0018;0,0243;0,0078;0,0141;0,835;0,0533;0,0104;0;0,0144
90021101;0,0025;0,0061;0,0012;0,0038;0,004;0,0048;0,0042;0,0005;0,0257;0,0025;0,0756;0;0,0301;0,0035;0,0263;0,0232;0,0155;0,0015;0,0032;0,0032;0,0076;1,3158;0,0549;0,0617;0,3784;0,0349;0,0045;0,0004;0;0,0005;0,0005;0,0015;0,0272;0,0001;0,0013;0,1369;0,039;0,0616;0,0201;0,0089;0,0005;0,0021;0;0,0018;0,0008;0,0093;0,0218;0,0564;0,0006;0,0028;0,019;0,0017;0,0293;0,0095;0,0222;1,1529;0,0663;0,0188;0,0136;0,0038
90021201;0,0025;0,008;0,0012;0,0043;0,0074;0,0031;0,0044;0,0003;0,0286;0,0038;0,02;0;0,0127;0,0031;0,0329;0,0281;0,0163;0,0147;0,006;0,0027;0,0042;1,3328;0,0255;0,078;0,4914;0,0397;0,0016;0,0021;0,007;0,0005;0,0004;0,0014;0,0297;0;0,0012;0,1552;0,0444;0,0495;0,0178;0,0063;0;0,0008;0;0,0015;0,002;0,0168;0,0163;0,0557;0,0004;0,0022;0,0044;0,0019;0,0286;0,0096;0,0258;1,1147;0,0701;0,0285;0,0265;0,0125
90021301;0,004;0,0073;0,0011;0,003;0,0041;0,0011;0,0032;0,0003;0,0347;0,002;0,0576;0,0022;0,0152;0,0018;0,0463;0,0211;0,0153;0,0081;0,0048;0,0041;0,0026;0,9952;0,0275;0,0577;0,5061;0,0278;0,0004;0,0002;0,0038;0,0001;0,0003;0,0016;0,0151;0,0005;0,0014;0,1391;0,0248;0,035;0,0201;0,004;0,0007;0,001;0,0037;0,0021;0,0014;0,0078;0,0117;0,0373;0,0003;0,0013;0,0168;0,0019;0,0189;0,0053;0,0124;0,4399;0,0442;0,0085;0,0002;0,0117
90021401;0,0037;0,0088;0,001;0,003;0,0075;0,0017;0,0037;0,0003;0,0252;0,0026;0,0574;0;0,0163;0,0024;0,0427;0,0172;0,0193;0;0,005;0,0043;0,0038;1,1788;0,0298;0,0662;0,4904;0,0273;0,004;0,0029;0,0038;0,0013;0,0005;0,0014;0,0152;0,0002;0,0012;0,1227;0,0206;0,0378;0,017;0,0057;0,0004;0,0005;0,0017;0,0031;0,0026;0,0096;0,0116;0,032;0,0005;0,0019;0,0236;0,002;0,027;0,0068;0,0134;0,9871;0,0427;0,0137;0,006;0,0068
90021501;0,0025;0,0062;0,0008;0,0034;0,0046;0,0027;0,0038;0,0004;0,033;0,0022;0,057;0;0,0224;0,0038;0,035;0,0258;0,0163;0,0073;0,0026;0,0027;0,0048;1,0577;0,0417;0,0546;0,3827;0,0254;0,0034;0,0003;0,0054;0,0008;0,0008;0,0011;0,0141;0,0004;0,001;0,3758;0,0204;0,0291;0,0197;0,0043;0,0008;0,0024;0,0007;0,0013;0,0008;0,0104;0,0109;0,0278;0,0004;0,002;0,0135;0,0021;0,0182;0,0069;0,0115;0,8433;0,045;0,0274;0,0005;0,0111
90021601;0,0025;0,005;0,0013;0,0028;0,0017;0,0017;0,0027;0,0003;0,0293;0,0022;0,0804;0;0,0073;0,0033;0,0395;0,0133;0,0176;0,0152;0,0027;0,0033;0,0062;0,8968;0,048;0,0525;0,3546;0,0259;0,0022;0,0003;0,0072;0,0011;0,0007;0,0011;0,011;0,0003;0,0006;0,1633;0,019;0,0306;0,02;0,003;0,0003;0,001;0,0004;0,0016;0,0012;0,0068;0,0084;0,0378;0,0059;0,0015;0,009;0,002;0,0179;0,0072;0,0101;0,9881;0,0381;0,0156;0,0001;0,0133
90030101;0,0025;0,0109;0,0005;0,0022;0,0112;0,0007;0,0013;0,0017;0,0287;0,0064;0,054;0;0,0049;0,0018;0,0281;0,0036;0,0092;0,0056;0,0001;0,0023;0,0079;0,8367;0,0497;0,0695;0,3867;0,0755;0,0013;0,0003;0,0039;0,0007;0,0009;0,0016;0,0097;0,0006;0,0013;0,2913;0,0144;0,0255;0,0533;0,0022;0,0007;0,0039;0,0011;0,0018;0,0006;0,0074;0,0065;0,0391;0,0017;0,0018;0,0191;0,0021;0,0177;0,0046;0,0101;0,3763;0,0277;0,0047;0;0,011
90030401;0,0025;0,0068;0,0004;0,0029;0,0032;0,0011;0,0022;0,0003;0,0328;0,0015;0,0623;0,0008;0,0108;0,003;0,0317;0,0091;0,0089;0,0035;0,0031;0,0041;0,0084;1,0107;0,0496;0,0394;0,5331;0,0122;0,0007;0,0001;0,0026;0,0002;0,0003;0,0015;0,0121;0,0001;0,0011;0,2023;0,0233;0,0431;0,0154;0,0026;0,0003;0,0009;0,0023;0,0002;0,0004;0,0071;0,0085;0,031;0,0025;0,0007;0,0149;0,0016;0,0165;0,0072;0,0119;0,4905;0,0525;0,0034;0,0003;0,0121
90030501;0,0025;0,0137;0,0008;0,002;0,0065;0,0027;0,0013;0,0002;0,046;0,0075;0,0734;0;0,0078;0,0018;0,0169;0,0051;0,006;0,0084;0,0001;0,0012;0,0079;0,9284;0,0426;0,0544;0,4959;0,0559;0,0014;0,0004;0,0006;0,007;0,0014;0,0018;0,0202;0,0004;0,0013;0,2375;0,0274;0,0297;0,0089;0,0072;0,0005;0,002;0,0002;0,0005;0,0007;0,0104;0,0083;0,0651;0,0042;0,0022;0,0195;0,0018;0,0211;0,0065;0,0207;0,4815;0,0515;0,005;0,0005;0,0133
90030701;0,0015;0,0136;0,001;0,002;0,0016;0,0017;0,0004;0,0002;0,0319;0,002;0,0568;0;0,0054;0,0018;0,0148;0,0042;0,01;0,004;0,0011;0,0026;0,0059;0,8233;0,0698;0,0336;0,4129;0,048;0,0001;0,0001;0,002;0,0004;0,0001;0,0019;0,0105;0,0004;0,001;0,3054;0,0142;0,0246;0,0057;0,0045;0,0002;0,0014;0,0006;0,0013;0,0002;0,0026;0,0086;0,045;0,0061;0,0016;0,0111;0,0014;0,0203;0,0033;0,0139;0,4253;0,0355;0,001;0,0002;0,009
90040101;0,0025;0,007;0,0009;0,0024;0,0026;0,0016;0,0029;0,0002;0,0243;0,0005;0,0599;0;0,0051;0,0015;0,0143;0,0064;0,0044;0,0009;0,0015;0,0049;0,0118;0,9731;0,0406;0,0408;0,3657;0,0262;0,0007;0,0007;0,0008;0,0007;0,0003;0,0011;0,0106;0,0078;0,0012;0,2548;0,0147;0,0219;0,0407;0,0018;0,0004;0,0018;0,0003;0,0008;0,0003;0,0052;0,007;0,033;0,0474;0,0011;0,0088;0,0015;0,0184;0,0057;0,0055;0,3552;0,0333;0,0043;0,0005;0,008
90040201;0,0025;0,0069;0,001;0,0029;0,0053;0,0012;0,0031;0,0003;0,046;0,0018;0,0594;0;0,0063;0,0018;0,0186;0,0037;0,0116;0,0042;0,0009;0,0039;0,0081;1,2667;0,0452;0,0357;0,3236;0,034;0,0011;0,001;0;0,0011;0,0004;0,0014;0,0113;0,0062;0,001;0,2644;0,0178;0,026;0,0118;0,0029;0,0004;0,0006;0,0003;0,0013;0,0076;0,0056;0,0078;0,0505;0,0363;0,0017;0,0044;0,0016;0,0105;0,007;0,0081;0,4844;0,0364;0,0046;0,0006;0,0135
90040301;0,0025;0,0064;0,0008;0,0029;0,0037;0,0013;0,0031;0,0005;0,0326;0,0018;0,0693;0;0,0092;0,0035;0,0166;0,0027;0,0148;0,0874;0,0058;0,0064;0,0098;1,2923;0,0565;0,0239;0,3015;0,0186;0,0008;0,0002;0;0,0007;0,0004;0,0015;0,0106;0,0056;0,0006;0,2623;0,0161;0,026;0,0631;0,0032;0,0006;0,0006;0,0009;0,0011;0,0007;0,0043;0,0083;0,04;0,0306;0,0013;0,0165;0,0009;0,0184;0,0078;0,0083;0,5931;0,0374;0,0076;0,0004;0,0107
90040401;0,004;0,0071;0,0014;0,0033;0,0049;0,0011;0,0033;0,0004;0,0272;0,0018;0,0646;0;0,0124;0,0042;0,0147;0,0032;0,0133;0,0086;0,0037;0,0054;0,0076;1,3297;0,0677;0,0275;0,4587;0,0236;0,0025;0,0008;0,0031;0,0006;0,0007;0,0016;0,01;0,0041;0,0012;0,2391;0,0206;0,0214;0,0162;0,0036;0,0003;0,0014;0,0002;0,0015;0,0015;0,0068;0,0083;0,0442;0,0201;0,0012;0,021;0,0011;0,0217;0,0079;0,0068;0,7193;0,0431;0,0082;0,0005;0,0114
90040601;0,0057;0,0112;0,0025;0,0037;0,0281;0,0011;0,0026;0,0005;0,0305;0,0063;0,0522;0;0,0095;0,0029;0,0205;0,0031;0,0161;0,0073;0,0014;0,0059;0,0054;1,5757;0,0493;0,0543;0,4052;0,0291;0,0021;0,0004;0;0,0009;0,0008;0,0011;0,0133;0,001;0,0019;0,2561;0,0233;0,0216;0,0098;0,0024;0,0003;0,0026;0,0039;0,0023;0,0015;0,0064;0,0072;0,0533;0,0004;0,0009;0,0212;0,0009;0,0236;0,0054;0,0065;0,5528;0,0443;0,0092;0,0004;0,0116
90040701;0,0057;0,012;0,0009;0,003;0,0674;0,0011;0,003;0,0001;0,0286;0,0109;0,0417;0,0022;0,0097;0,0018;0,0173;0,0034;0,0145;0,008;0,0028;0,0041;0,0045;1,1253;0,0342;0,0369;0,576;0,0092;0,0001;0,0003;0,0066;0,0004;0,0006;0,0014;0,0125;0,0005;0,0013;0,2064;0,0199;0,0259;0,0082;0,0031;0,0003;0,0011;0,0027;0,003;0,0043;0,0061;0,0065;0,0356;0,0009;0,0009;0,0152;0,0014;0,0116;0,0053;0,0062;0,3879;0,0405;0,0043;0,0003;0,011
90040801;0,0028;0,0067;0,0012;0,0024;0,0037;0,0011;0,0032;0,0002;0,0366;0,0015;0,0503;0,0025;0,0087;0,0018;0,0084;0,0033;0,0135;0,0049;0,0016;0,0041;0,0036;1,1142;0,045;0,0253;0,5571;0,0092;0,0001;0;0,0075;0,0005;0,0004;0,0013;0,0096;0,0005;0,0008;0,2271;0,0142;0,0214;0,0087;0,0029;0,0001;0,0007;0,0016;0,0011;0,0015;0,0063;0,0068;0,0457;0,0008;0,0007;0,0147;0,0009;0,0182;0,0046;0,0061;0,4779;0,0319;0,0056;0;0,0089
90050101;0,0025;0,0085;0,0013;0,0029;0,019;0,0019;0,0032;0,0009;0,0362;0,0087;0,0615;0;0,0152;0,0018;0,04;0,007;0,0107;0,02;0,088;0,0033;0,0071;1,2452;0,0408;0,0747;0,3863;0,0179;0,0009;0,0002;0,0035;0,0004;0,0005;0,0016;0,0116;0,0005;0,0012;0,4628;0,0188;0,0262;0,0211;0,0026;0,0004;0,002;0,0006;0,0034;0,0168;0,0065;0,0084;0,0278;0,0099;0,0015;0,0171;0,0019;0,0178;0,0066;0,0136;0,6652;0,0344;0,0043;0,0002;0,0119
90050201;0,0025;0,0095;0,002;0,0042;0,0057;0,0015;0,0079;0;0,0325;0,0034;0,0843;0,0007;0,0098;0,0025;0,0273;0,0107;0,0092;0,0043;0,0014;0,0023;0,0098;1,2452;0,0645;0,0649;0,4071;0,025;0,0013;0,0004;0,0054;0,0006;0,0003;0,0016;0,0199;0,0004;0,0028;0,2913;0,0271;0,045;0,0354;0,0021;0,0003;0,0039;0,0006;0,0008;0,0003;0,0071;0,0115;0,0449;0,0022;0,0014;0,0207;0,0019;0,0214;0,0092;0,0134;0,7062;0,0623;0,0043;0,0003;0,0176
90050301;0,0049;0,0104;0,0022;0,0039;0,0056;0,0005;0,0054;0,0005;0,0335;0,0039;0,0671;0;0,0146;0,0021;0,0311;0,0204;0,0086;0,0098;0,0008;0,0073;0,0072;0,9049;0,056;0,0346;0,3564;0,0113;0,0031;0,0003;0,0067;0,0013;0,0007;0,0021;0,0216;0,0006;0,0017;0,1785;0,0339;0,0539;0,022;0,0052;0,0007;0,002;0,0017;0,0022;0,0014;0,0067;0,0115;0,034;0,0014;0,0017;0,0234;0,0014;0,0229;0,0072;0,0123;0,8264;0,063;0,0064;0,0004;0,0173
90050401;0,0054;0,0081;0,001;0,0023;0,0063;0,0015;0,0062;0,0009;0,0269;0,0026;0,0843;0,0269;0,0108;0,0021;0,0398;0,0039;0,0089;0,0126;0,0001;0,0096;0,0098;0,7595;0,0829;0,0567;0,3913;0,0915;0,0006;0,0006;0,0023;0,0009;0,0008;0,0011;0,009;0,0032;0,0007;0,3663;0,0093;0,0286;0,1343;0,0025;0,0013;0,0026;0,0015;0,0007;0,001;0,011;0,0088;0,0672;0,0061;0,0019;0,0305;0,0029;0,0203;0,0056;0,0134;0,4222;0,0267;0,0074;0,0005;0,012
90050501;0,0025;0,0126;0,0018;0,0044;0,0071;0,002;0,0059;0,001;0,024;0,0025;0,0843;0;0,0092;0,0023;0,0366;0,0116;0,0101;0,0051;0,0006;0,01;0,0098;1,2452;0,0591;0,062;0,3518;0,0275;0,0018;0,0013;0,006;0,0013;0,0006;0,0019;0,0214;0,0005;0,003;0,2913;0,0346;0,0556;0,0381;0,0014;0,0008;0,002;0,0021;0,001;0,0005;0,0163;0,0112;0,052;0,0028;0,0019;0,019;0,002;0,0197;0,0092;0,0168;0,664;0,0711;0,0046;0,0004;0,0177
90050601;0,0025;0,006;0,0007;0,0028;0,0026;0,0005;0,0028;0,0006;0,028;0,0006;0,0509;0,0041;0,0048;0,0013;0,0202;0,0066;0,0059;0,0037;0,002;0,0021;0,0106;0,7783;0,0267;0,0574;0,3422;0,0061;0;0,0009;0,0029;0,0007;0,0004;0,0015;0,009;0,0001;0,0008;0,1561;0,0185;0,0314;0,0549;0,0008;0,0003;0,0017;0,0007;0,0007;0,005;0,0076;0,0072;0,0326;0,0009;0,0014;0,0127;0,0018;0,0169;0,0073;0,0097;0,48;0,051;0,0026;0,0008;0,0111
90050701;0,0045;0,0092;0,0005;0,0033;0,0039;0,0023;0,0031;0,0003;0,046;0,0019;0,0717;0,0017;0,0121;0,0035;0,0448;0,0076;0,0096;0,0091;0,0013;0,0122;0,0096;1,5588;0,0754;0,0315;0,3705;0,0069;0,0014;0,0005;0,0087;0,0003;0,0005;0,0018;0,0136;0,0001;0,0016;0,2976;0,0276;0,0439;0,0107;0,0045;0,0005;0,0018;0,0011;0,0003;0,0137;0,0083;0,0115;0,0415;0,001;0,0015;0,0151;0,0019;0,0269;0,0075;0,0148;0,8056;0,0587;0,0055;0,0005;0,0156
90050801;0,0025;0,0108;0,0007;0,0042;0,0038;0,001;0,0028;0,0003;0,0292;0,002;0,0734;0,0098;0,0127;0,0025;0,0369;0,0077;0,0098;0,0014;0,0048;0,0164;0,0098;1,1203;0,0669;0,0395;0,4046;0,0083;0,0034;0,0007;0,0091;0,001;0,0009;0,0015;0,0179;0,0002;0,0012;0,2741;0,0344;0,0457;0,0153;0,0037;0,0004;0,002;0,0011;0,0001;0,0168;0,0087;0,0115;0,0547;0,0016;0,0019;0,0289;0,0014;0,0234;0,008;0,0164;0,8629;0,066;0,0089;0,001;0,0148
90051001;0,0025;0,0088;0,0005;0,0046;0,0214;0,0017;0,0038;0,0007;0,046;0,0057;0,04;0,003;0,0123;0,0018;0,0204;0,0089;0,0058;0,0221;0,0013;0,0067;0,0055;1,2452;0,06;0,0414;0,4587;0,0056;0,0014;0,0005;0,0108;0,0009;0,0009;0,0016;0,0119;0,0004;0,0011;0,1865;0,025;0,0314;0,0107;0,0025;0,0006;0,0017;0,001;0,0018;0,0186;0,0104;0,0092;0,0256;0,0006;0,001;0,0239;0,0007;0,0137;0,006;0,011;0,4752;0,0488;0,0049;0,0008;0,013
90051201;0,0025;0,0081;0,0007;0,0043;0,0059;0,0013;0,0038;0,0004;0,0255;0,0021;0,0685;0,0016;0,0102;0,0026;0,0279;0,0119;0,0081;0,0207;0,0012;0,0275;0,0057;1,2452;0,035;0,0567;0,4686;0,0077;0,0028;0,0005;0,0049;0,0009;0,001;0,0011;0,0191;0,0005;0,0011;0,2913;0,0324;0,0463;0,014;0,0048;0,0004;0,0012;0,0029;0,0006;0,0252;0,009;0,0098;0,0446;0,0006;0,0014;0,0238;0,0009;0,0299;0,0068;0,0169;0,7694;0,0678;0,0068;0,0008;0,0167
90051301;0,0046;0,0103;0,0008;0,0041;0,01;0,0014;0,004;0,0004;0,046;0,0036;0,0601;0,0042;0,0111;0,0025;0,0273;0,0102;0,0074;0,0256;0,0006;0,0095;0,0052;1,2087;0,0566;0,0503;0,3436;0,0064;0,0017;0,0008;0,0082;0,0007;0,0006;0,0017;0,0135;0,0002;0,0013;0,2913;0,026;0,0384;0,0183;0,0031;0,0005;0,002;0,0015;0,0001;0,0235;0,009;0,009;0,0279;0,0004;0,0013;0,0274;0,0012;0,0183;0,0072;0,0136;0,6772;0,0559;0,0086;0,0007;0,0142
90051401;0,0025;0,0093;0,0006;0,0048;0,006;0,0012;0,0044;0,0002;0,028;0,0021;0,0615;0,0009;0,0088;0,0036;0,0359;0,0088;0,0102;0,0111;0,0064;0,0126;0,0057;1,018;0,0484;0,0515;0,3719;0,0154;0,0011;0;0,0096;0,0007;0,0006;0,0016;0,0183;0,0003;0,0016;0,3244;0,034;0,0428;0,011;0,0037;0,0007;0,0016;0,0012;0,0002;0,0183;0,0095;0,0104;0,0412;0,0071;0,0013;0,0141;0,0013;0,0184;0,008;0,0156;0,5513;0,0619;0,003;0,0006;0,0121
90051501;0,0025;0,008;0,0006;0,0041;0,0067;0,001;0,0045;0,0004;0,0312;0,004;0,0576;0,0165;0,0097;0,0035;0,0276;0,0056;0,0089;0,0057;0,0091;0,0143;0,006;1,0199;0,0479;0,0431;0,4095;0,008;0,0017;0,0006;0,0102;0,0008;0,0006;0,0017;0,0178;0,0004;0,0012;0,2913;0,0314;0,0385;0,0129;0,0037;0,0005;0,002;0,0013;0,0006;0,0177;0,0081;0,01;0,0446;0,0012;0,0012;0,0091;0;0,0151;0,0075;0,0142;0,7036;0,0605;0,002;0,0009;0,0106
90060101;0,002;0,0111;0,0014;0,0038;0,008;0,0011;0,0039;0,0005;0,0353;0,0027;0,0674;0,0034;0,0135;0,0033;0,0415;0,0048;0,0152;0,0107;0,078;0,0041;0,0111;1,0566;0,0594;0,0589;0,528;0,0331;0,0008;0,0013;0,0066;0,0004;0,0001;0,0015;0,0141;0,0002;0,0014;0,5623;0,0221;0,0376;0,0558;0,0047;0,0004;0,0015;0,0024;0,0017;0,0005;0,0116;0,0101;0,0394;0,0061;0,0019;0,0167;0,0025;0,0258;0,0085;0,0138;0,5022;0,0443;0,0052;0,0001;0,0158
90060201;0,0025;0,0064;0,0018;0,0033;0,0078;0,0007;0,0019;0,0009;0,0371;0,0028;0,0516;0,0074;0,0187;0,0018;0,0346;0,0036;0,0125;0,0049;0,0744;0,01;0,0065;1,1595;0,0358;0,0655;0,3692;0,0047;0,0004;0,0001;0,0031;0,0003;0,0004;0,0016;0,0078;0,0003;0,0009;0,355;0,0156;0,0245;0,0128;0,0025;0,0012;0,0028;0,0003;0,0012;0,0209;0,0041;0,0068;0,0333;0,0112;0,0019;0,0205;0,0019;0,0191;0,0056;0,0108;0,7074;0,0299;0,0088;0,0015;0,0105
90060301;0,0025;0,0078;0,0016;0,0029;0,0064;0,0013;0,0042;0,0046;0,046;0,0038;0,0616;0,0021;0,0149;0,0033;0,0395;0,0057;0,0123;0,0132;0,0859;0,0037;0,0076;1,1663;0,0343;0,0668;0,3233;0,0216;0,0052;0,0006;0,0016;0,0013;0,0006;0,0015;0,0125;0,0039;0,0012;0,3736;0,0194;0,0316;0,013;0,0055;0,0004;0,0016;0,0004;0,0007;0,0128;0,0138;0,0115;0,0393;0,0385;0,0012;0,018;0,0023;0,0196;0,0092;0,0147;0,5538;0,041;0,0103;0,0008;0,0129
90060401;0,0025;0,0103;0,0034;0,0033;0,0056;0;0,0028;0,0031;0,046;0,0087;0,0843;0;0,0052;0,0018;0,0366;0,007;0,0063;0,0219;0,0023;0;0,0098;1,2452;0,1188;0,0567;0,3357;0,0233;0,0032;0,0024;0,011;0,0013;0,0019;0,0023;0,0121;0,0041;0,0023;0,2913;0,0243;0,0415;0,0631;0,0019;0,0026;0,002;0;0,0018;0,0077;0,0163;0,0115;0,1761;0,0306;0,0046;0,0303;0,0023;0,0451;0,006;0,011;0,4454;0,0508;0;0,003;0,0147
90060501;0,0043;0,012;0,0034;0,0034;0,0125;0,0008;0,0057;0,0008;0,0326;0,0053;0,0517;0,0014;0,0198;0,0056;0,0346;0,0067;0,0134;0,0114;0,0791;0,0029;0,0077;1,1634;0,0505;0,0508;0,3483;0,0181;0,0029;0,0038;0,0072;0,0006;0,0002;0,0015;0,0103;0,0008;0,0011;0,2834;0,0205;0,0283;0,0057;0,0026;0,0005;0,0035;0,0017;0,002;0,0177;0,0074;0,0085;0,0429;0,0141;0,0015;0,0143;0,0014;0,0256;0,0063;0,0123;0,7892;0,0385;0,0067;0,0054;0,0131
90060601;0,0025;0,0081;0,0026;0,004;0,0055;0,0004;0,0025;0,0013;0,0331;0,0031;0,059;0,0025;0,0186;0,003;0,0398;0,0051;0,0139;0,0044;0,0871;0,0045;0,0074;1,2452;0,0503;0,0613;0,2933;0,0122;0,0008;0,0054;0,0082;0,0005;0,0006;0,0012;0,0098;0,0005;0,0012;0,5109;0,0188;0,026;0,0165;0,0032;0,0005;0,0048;0,0009;0,0015;0,0174;0,0099;0,008;0,0363;0,0126;0,0012;0,0162;0,002;0,0208;0,0059;0,0132;0,5817;0,0371;0,006;0,0072;0,0045
90060801;0,0032;0,0067;0,0007;0,002;0,005;0,001;0,0027;0,0004;0,0391;0,0038;0,0618;0,0133;0,0108;0,0028;0,0251;0,0112;0,0128;0,0015;0,0078;0,0075;0,0063;0,9063;0,0571;0,0389;0,4202;0,0405;0,0011;0,0004;0,0078;0,0008;0,0006;0,0017;0,0069;0,0005;0,0008;0,2545;0,0137;0,0214;0,0123;0,0032;0,0004;0,0016;0,0007;0,0009;0,0154;0,0057;0,0078;0,032;0,003;0,0012;0,0201;0,0014;0,0234;0,0048;0,0073;0,6633;0,0364;0,0056;0,0003;0,0125
90060901;0,0025;0,0079;0,0017;0,0029;0,0088;0,0017;0,0028;0,0009;0,0185;0,0053;0,0472;0,0039;0,0186;0,0025;0,0276;0,0046;0,0107;0,0069;0,0655;0,0044;0,0047;1,0414;0,0331;0,0413;0,3227;0,0313;0,0021;0,0013;0,0049;0,0008;0,0007;0,0014;0,0097;0,0006;0,0011;0,2753;0,0176;0,0213;0,0114;0,0042;0,0004;0,0017;0,0016;0,0018;0,0136;0,0073;0,0076;0,0356;0,0013;0,0013;0,0139;0,0016;0,022;0,0057;0,0129;0,7007;0,0375;0,0046;0,0021;0,0101
90061101;0,0018;0,0054;0,0014;0,0032;0,0066;0,0009;0,0026;0,0057;0,0245;0,0032;0,0512;0,0021;0,0217;0,0035;0,0333;0,0039;0,0113;0,016;0,0717;0,0059;0,0048;1,074;0,0335;0,0726;0,4573;0,0257;0,0016;0,0064;0,0068;0,0006;0,0006;0,0014;0,0106;0,0002;0,0013;0,2313;0,0203;0,0292;0,0182;0,0034;0,0008;0,0017;0,0014;0,0019;0,0139;0,0073;0,0077;0,0383;0,0022;0,0019;0,01;0,0018;0,0256;0,0071;0,0096;0,6593;0,0381;0,0077;0,0088;0,0122
90061201;0,0016;0,0052;0,0012;0,0019;0,0064;0,0011;0,0024;0,0018;0,0354;0,0023;0,0432;0,0048;0,0099;0,0018;0,0365;0,0034;0,0105;0,004;0,0749;0,0041;0,002;0,8922;0,0332;0,0524;0,4599;0,0259;0,0007;0,0002;0,0057;0,0003;0,0001;0,0014;0,008;0,0005;0,0012;0,2442;0,0151;0,0244;0,0143;0,0035;0,0007;0,0011;0,002;0,0011;0,0073;0,0068;0,0068;0,0314;0,0039;0,0009;0,015;0,0015;0,0254;0,004;0,0112;0,3458;0,0271;0,0037;0,0002;0,01
90061301;0,0025;0,0076;0,0014;0,0033;0,0141;0,0011;0,0033;0,0005;0,0328;0,0061;0,0501;0,0058;0,0191;0,0018;0,0355;0,0031;0,0116;0,0111;0,0749;0,0041;0,0053;1,033;0,039;0,0629;0,4266;0,0092;0,0011;0,0021;0,0115;0,0008;0,001;0,0017;0,0102;0,0006;0,0014;0,2776;0,018;0,0245;0,0201;0,0026;0,001;0,0011;0,0014;0,0018;0,0121;0,0064;0,0067;0,0306;0,0017;0,0013;0,0193;0,0019;0,0176;0,006;0,0124;0,8235;0,0327;0,007;0,0034;0,0107
90070201;0,0025;0,0076;0,0014;0,0041;0,0204;0,0011;0,0031;0,0005;0,0328;0,0046;0,0768;0,0081;0,0105;0,0032;0,0295;0,0035;0,0144;0,0048;0,0013;0,0054;0,0073;1,1983;0,1069;0,0262;0,35;0,0432;0,0003;0,0003;0,009;0;0,0003;0,0017;0,0168;0,0008;0,0014;0,2944;0,027;0,039;0,0695;0,004;0,001;0,0016;0,0019;0,0025;0,0012;0,0089;0,0098;0,0301;0,0169;0,0019;0,0232;0,0024;0,0273;0,008;0,0117;0,4941;0,0547;0,0088;0,0004;0,0157
90070301;0,0025;0,0072;0,0007;0,0038;0,0118;0,0016;0,0032;0,0005;0,0267;0,0028;0,0736;0,0052;0,0127;0,0018;0,0354;0,0029;0,0157;0,0111;0,0009;0,0074;0,0071;1,2622;0,0878;0,0181;0,514;0,0256;0,0005;0,0003;0,0108;0,0006;0,0006;0,001;0,0134;0,0005;0,001;0,2599;0,0281;0,0349;0,0079;0,0036;0,0006;0,0011;0,0019;0,0017;0,0245;0,0068;0,0101;0,0444;0,0138;0,0013;0,018;0,0019;0,0249;0,0078;0,0124;1,0147;0,0574;0,0074;0,0003;0,0142
90070401;0,0034;0,0045;0,0009;0,0033;0,0126;0,0018;0,0033;0,0002;0,032;0,0033;0,0715;0,0046;0,0168;0,0035;0,0384;0,0031;0,0158;0,017;0,003;0,012;0,0073;1,493;0,0906;0,0261;0,4037;0,0311;0,0003;0,0004;0,0085;0,0006;0,0008;0,0008;0,0174;0,0004;0,0007;0,2519;0,0287;0,035;0,0219;0,0039;0,001;0,0009;0,0018;0,002;0,0212;0,0231;0,0115;0,0657;0,01;0,0018;0,0293;0,0015;0,0275;0,0072;0,0132;0,7032;0,057;0,0101;0,0009;0,014
90070501;0,0018;0,0035;0,0008;0,0027;0,0127;0,0013;0,003;0,0002;0,0271;0,0031;0,0669;0,0018;0,0133;0,0044;0,0337;0,0024;0,0159;0,0109;0,0035;0,0027;0,0059;0,9808;0,0791;0,0275;0,3602;0,0445;0,0004;0,0001;0,0077;0,0001;0,0003;0,0007;0,0136;0,0006;0,0008;0,2168;0,0201;0,025;0,0142;0,0019;0,0003;0,0011;0,0016;0,0012;0,0088;0,0082;0,0082;0,0382;0,0034;0,0009;0,0155;0,0016;0,0181;0,006;0,0103;0,5361;0,0464;0,0055;0,0002;0,0121
90070601;0,0031;0,0059;0,0018;0,003;0,0078;0,0008;0,0045;0,0008;0,0393;0,0022;0,0799;0,0026;0,0115;0,0047;0,0346;0,0021;0,0145;0,0072;0,0002;0,0036;0,0065;0,9607;0,0869;0,0229;0,2968;0,0536;0,0006;0,0002;0,0023;0,0008;0,0005;0,0011;0,0121;0,0006;0,0014;0,2934;0,0219;0,0282;0,0194;0,0037;0,0003;0,0034;0,001;0,0022;0,0046;0,0079;0,0085;0,0432;0,011;0,0013;0,0187;0,0016;0,0201;0,0062;0,0124;0,4486;0,0423;0,007;0,0004;0,0118
90070701;0,0019;0,0049;0,0007;0,0029;0,0117;0,0012;0,0035;0,0003;0,0411;0,0038;0,0612;0,0018;0,0071;0,002;0,0285;0,0025;0,014;0,0058;0,0007;0,004;0,0053;1,1535;0,0585;0,026;0,3684;0,0375;0,0008;0,0002;0,0058;0,0004;0,0005;0,0014;0,0123;0,0002;0,0011;0,2962;0,0231;0,0244;0,017;0,003;0,0006;0,001;0,0015;0,0018;0,0108;0,0069;0,0087;0,0298;0,0012;0,0012;0,01;0,0016;0,017;0,0062;0,0123;0,6711;0,0536;0,0054;0,0002;0,0125
90070801;0,0017;0,0053;0,0011;0,0032;0,0107;0,0016;0,0029;0,0005;0,0319;0,0042;0,0656;0,0038;0,0065;0,0029;0,0272;0,003;0,0137;0,0056;0,003;0,0048;0,0051;0,9911;0,0595;0,0345;0,3795;0,0518;0,001;0,0024;0,0034;0,0003;0,0005;0,0011;0,0112;0,0006;0,001;0,3204;0,0208;0,025;0,0196;0,003;0,0005;0,001;0,0016;0,002;0,0116;0,0071;0,0082;0,0326;0,0015;0,0007;0,0124;0,0014;0,0158;0,0063;0,0115;0,7564;0,0499;0,0053;0,0012;0,0108
90070901;0,0022;0,0076;0,0005;0,0026;0,0264;0,0013;0,0029;0,0003;0,0209;0,0046;0,0558;0,0021;0,008;0,0033;0,0249;0,0019;0,014;0,0086;0,0055;0,0016;0,0047;0,9911;0,0551;0,0286;0,2098;0,0389;0,0026;0,0001;0,0024;0,0002;0,0003;0,0011;0,0108;0,0002;0,0009;0,1634;0,0198;0,0256;0,0157;0,0029;0,0002;0,001;0,0016;0,0024;0,014;0,0075;0,007;0,0279;0,0004;0,0011;0,0137;0,0011;0,0171;0,006;0,0092;0,437;0,0417;0,0054;0,0003;0,0117
90071001;0,0025;0,0058;0,0007;0,003;0,0182;0,0014;0,0039;0,0005;0,0382;0,0042;0,0776;0,0012;0,0117;0,0042;0,0332;0,0024;0,0172;0,0112;0,0064;0,0029;0,0051;1,1265;0,072;0,0322;0,3325;0,0422;0,001;0,0002;0,0038;0,0003;0,0006;0,0013;0,0116;0,0006;0,0009;0,2901;0,0212;0,0292;0,026;0,0032;0,0005;0,0011;0,0016;0,0029;0,0149;0,0108;0,0083;0,0346;0,0011;0,0008;0,014;0,0015;0,0207;0,0061;0,0102;0,5033;0,0475;0,0061;0,0002;0,0129
90080101;0,0041;0,0073;0,001;0,0024;0,0038;0,0014;0,0018;0,0004;0,0254;0,0016;0,0757;0,0043;0,0104;0,0021;0,0251;0,0082;0,0086;0,0045;0,001;0,0024;0,0086;0,9021;0,0751;0,0601;0,4265;0,038;0,0002;0,0003;0,0042;0,0006;0,0003;0,001;0,013;0,0001;0,0018;0,348;0,0235;0,0385;0,0428;0,0021;0,001;0,0015;0,0009;0,0009;0,0082;0,0153;0,0105;0,0575;0,0034;0,0025;0,0234;0,0025;0,0284;0,0074;0,0124;0,3363;0,044;0,0039;0,0008;0,0136
90080201;0,0033;0,0058;0,0009;0,0023;0,0094;0,0011;0,0015;0,0085;0,0285;0,0032;0,0602;0,0033;0,0074;0,0024;0,0222;0,0065;0,011;0,0099;0,0012;0,0041;0,0082;1,033;0,0726;0,0502;0,3935;0,0419;0,0003;0,0005;0,0066;0,0006;0,0003;0,0013;0,0099;0,0002;0,0014;0,1746;0,0195;0,0312;0,0075;0,0016;0,001;0,0008;0,001;0,0022;0,0114;0,0117;0,0085;0,0416;0,0033;0,0018;0,0186;0,0019;0,0187;0,0066;0,0079;0,5098;0,0379;0,0042;0,0012;0,0121
90090101;0,0053;0,0087;0,003;0,0035;0,0098;0,0011;0,0017;0,0007;0,0328;0,0023;0,0757;0,0034;0,0074;0,0024;0,024;0,0027;0,0147;0,008;0,0025;0,0041;0,006;0,9591;0,072;0,0503;0,4235;0,0518;0,0004;0,0008;0,0063;0,0003;0,0005;0,0011;0,0132;0,0107;0,0016;0,2321;0,0227;0,0361;0,0422;0,0024;0,0006;0,004;0,0014;0,0013;0,0086;0,0128;0,0099;0,0548;0,0515;0,0014;0,0249;0,0019;0,0302;0,006;0,0124;0,5098;0,0441;0,007;0,0001;0,0143
90090201;0,0033;0,0091;0,0014;0,0024;0,0417;0,0012;0,0024;0,008;0,033;0,0109;0,0464;0,0015;0,0086;0,002;0,0246;0,0022;0,0172;0,0069;0,0031;0,009;0,006;0,9789;0,0546;0,0516;0,3674;0,0259;0,0006;0,0001;0,0032;0,0007;0,0003;0,0012;0,0107;0,0132;0,001;0,207;0,0173;0,0277;0,0147;0,001;0,0009;0,0011;0,0014;0,0015;0,0063;0,0091;0,0113;0,0306;0,0543;0,0013;0,0193;0,0019;0,0071;0,005;0,0102;0,5598;0,0368;0,0035;0,0002;0,0138
90090301;0,0046;0,0057;0,0014;0,0024;0,004;0,0012;0,0018;0,0005;0,0314;0,0019;0,0568;0,0027;0,0101;0,0031;0,0251;0,0038;0,0157;0,0117;0,0042;0,0093;0,0074;0,8236;0,0616;0,038;0,318;0,0206;0,0003;0,0004;0,0045;0,0007;0,0007;0,0013;0,0117;0,0095;0,0012;0,1959;0,0215;0,0339;0,0106;0,0044;0,001;0,0008;0,0014;0,0015;0,0232;0,0116;0,0101;0,0377;0,0312;0,0015;0,0255;0,0013;0,03;0,0077;0,0124;0,8109;0,0474;0,0074;0,0006;0,0135
90090401;0,0025;0,0039;0,0014;0,0028;0,0021;0,0015;0,0024;0,0005;0,0323;0,0019;0,0696;0,003;0,0107;0,0032;0,0294;0,0017;0,0193;0,0134;0,0054;0,0069;0,0075;0,9692;0,0526;0,0629;0,4266;0,0488;0,0005;0,0012;0,0087;0,0008;0,0002;0,0011;0,0117;0,0077;0,0012;0,1573;0,0242;0,0403;0,0147;0,004;0,001;0,0011;0,0015;0,0013;0,0173;0,0119;0,0112;0,0544;0,0347;0,0019;0,026;0,0017;0,0375;0,008;0,0136;0,9242;0,0511;0,0072;0,0004;0,0154
90090501;0,003;0,0026;0,0013;0,0018;0,0019;0,0012;0,0021;0,0005;0,0328;0,002;0,0773;0,0035;0,0109;0,0038;0,0355;0,0021;0,019;0,0123;0,0044;0,0062;0,0082;0,8431;0,0662;0,0629;0,3649;0,0468;0,0006;0,0003;0,0085;0,0008;0,0005;0,0007;0,0121;0,0058;0,0005;0,1675;0,0198;0,0399;0,0137;0,0048;0,0011;0,0009;0,0008;0,0022;0,0161;0,0124;0,0097;0,0442;0,0035;0,0017;0,0285;0,0019;0,0298;0,0064;0,0117;0,6458;0,0389;0,0107;0,0003;0,0147
90090701;0,0028;0,0026;0,001;0,0016;0,0015;0,0011;0,0023;0,0005;0,036;0,0011;0,0755;0,0032;0,0084;0,0018;0,0262;0,0021;0,0149;0,0084;0,0039;0,0041;0,0056;0,7618;0,0417;0,0677;0,342;0,0641;0,0009;0,0001;0,0039;0,0003;0,0001;0,0015;0,0107;0,0004;0,0009;0,1603;0,0164;0,0286;0,0107;0,0035;0,0006;0,0012;0,0012;0,0014;0,0059;0,0061;0,0094;0,047;0,0009;0,0012;0,0193;0,0017;0,0192;0,0046;0,0119;0,3653;0,0361;0,0049;0,0002;0,014
90090801;0,0025;0,0033;0,0005;0,002;0,0021;0,0012;0,002;0,0005;0,0223;0,0015;0,0752;0,0032;0,0078;0,0018;0,0235;0,0027;0,0156;0,0019;0,0064;0,0029;0,005;0,9184;0,0365;0,0876;0,2995;0,0562;0,0003;0,0003;0,0084;0,0005;0,0004;0,0006;0,012;0,0002;0,0006;0,1759;0,0207;0,0337;0,0042;0,0037;0,001;0,001;0,0008;0,0006;0,001;0,0095;0,0087;0,0306;0,0004;0,0017;0,0188;0,0019;0,0268;0,006;0,0112;0,7335;0,0393;0,0062;0,0002;0,0126
90090901;0,0035;0,0051;0,0026;0,0024;0,0031;0,001;0,004;0,0005;0,0261;0,0015;0,0631;0,0029;0,0096;0,0021;0,0237;0,0022;0,0189;0,0057;0,0045;0,002;0,0054;0,8742;0,0484;0,0577;0,3612;0,0462;0,0001;0,0003;0,0107;0,0004;0,0005;0,0011;0,0107;0,0007;0,0014;0,1463;0,0179;0,0291;0,012;0,0032;0,0005;0,0035;0,0009;0,0007;0,0121;0,0097;0,0093;0,0471;0,0007;0,0014;0,0236;0,0017;0,0223;0,0053;0,0091;0,5616;0,0362;0,0062;0,0004;0,0132
90091001;0,0034;0,0028;0,001;0,0016;0,0014;0,0011;0,0027;0,0005;0,0296;0,0036;0,0746;0,0072;0,0076;0,0021;0,0228;0,0005;0,0165;0,0098;0,0024;0,0017;0,0053;0,7213;0,0462;0,0643;0,4042;0,0563;0,0003;0,0002;0,01;0,0002;0,0002;0,0007;0,0108;0,0007;0,0007;0,1452;0,0159;0,0213;0,0147;0,0038;0,001;0,0006;0,0006;0,0008;0,0004;0,0068;0,0078;0,0371;0,0018;0,0016;0,0189;0,0019;0,0287;0,0065;0,0124;0,7761;0,0345;0,0032;0,0001;0,0123
90091101;0,0025;0,0037;0,0015;0,0022;0,0023;0,0014;0,0022;0,0002;0,0218;0,0021;0,0652;0,0029;0,0086;0,0042;0,0235;0,0029;0,0185;0,01;0,0144;0,0029;0,006;0,8924;0,0507;0,0694;0,3776;0,0496;0,0001;0,0004;0,0074;0,0004;0,0002;0,0009;0,0101;0,0003;0,001;0,1535;0,0188;0,0356;0,0141;0,0031;0,001;0,0007;0,0007;0,0015;0,001;0,0122;0,0095;0,0428;0,0017;0,0014;0,0237;0,0019;0,0268;0,0071;0,0099;0,8087;0,0376;0,006;0,0004;0,014
90100101;0,0025;0,0095;0,0009;0,0026;0,0219;0,0016;0,0024;0,0003;0,0261;0,0046;0,0641;0,0036;0,0061;0,0017;0,0244;0,0084;0,0121;0,0111;0,0013;0,0068;0,0082;1,177;0,0762;0,032;0,2824;0,0503;0,0011;0,0008;0,0049;0,0005;0,0006;0,0017;0,0099;0,0006;0,0017;0,1963;0,0195;0,0289;0,0418;0,0031;0,0009;0,0011;0,0019;0,0015;0,0054;0,0072;0,0091;0,0309;0,0021;0,0022;0,0183;0,0019;0,0088;0,0061;0,0092;0,8011;0,0421;0,0057;0,0001;0,0144
90100201;0,0025;0,0062;0,0009;0,002;0,0257;0,0014;0,0022;0,0005;0,0242;0,0061;0,0379;0,002;0,0088;0,0043;0,0291;0,0061;0,0137;0,0083;0,005;0,0039;0,0079;1,0951;0,0746;0,0199;0,3711;0,0378;0,0009;0,0004;0,0067;0,0008;0,0005;0,001;0,0068;0,0004;0,001;0,1586;0,0124;0,0203;0,0101;0,0017;0,0002;0,0005;0,0011;0,0011;0,0011;0,0037;0,0069;0,0226;0,0017;0,0012;0,0165;0,0014;0,0176;0,006;0,0076;0,702;0,0274;0,0035;0,0008;0,0112
90100301;0,0025;0,0076;0,0005;0,0033;0,0034;0,0013;0,0027;0,0002;0,0328;0,0012;0,059;0,0016;0,0103;0,0041;0,0357;0,0071;0,0135;0,0053;0,007;0,0174;0,0078;1,2778;0,077;0,0256;0,4364;0,0256;0,0007;0,0003;0,01;0,0008;0,0003;0,0009;0,0064;0,0001;0,0005;0,3245;0,0135;0,0241;0,0101;0,0026;0,0003;0,0004;0,0014;0,0011;0,0196;0,0066;0,0073;0,0239;0,0037;0,0013;0,0255;0,0015;0,0189;0,0065;0,0087;0,7505;0,0344;0,0085;0;0,0116
90100401;0,0041;0,0074;0,0012;0,0021;0,0062;0,0013;0,0023;0,0001;0,0328;0,0026;0,0528;0,0024;0,0092;0,0062;0,0321;0,0083;0,0143;0,0056;0,0113;0,0053;0,0068;1,1218;0,0781;0,0211;0,2878;0,0389;0,0015;0,0002;0,011;0,0003;0,0005;0,0014;0,0071;0,0002;0,0006;0,217;0,0141;0,0262;0,009;0,0028;0,0003;0,0003;0,0015;0,0016;0,0117;0,0043;0,0087;0,0286;0,0031;0,0011;0,0228;0,0014;0,0209;0,006;0,0077;0,7981;0,0355;0,0067;0;0,011
90100501;0,004;0,0087;0,0014;0,0031;0,0121;0,0012;0,0025;0,0005;0,0281;0,0031;0,0552;0,0025;0,0102;0,0027;0,03;0,0108;0,0134;0,0108;0,009;0,0095;0,0075;1,401;0,0653;0,037;0,3432;0,0286;0,0011;0,001;0,009;0,0006;0,0005;0,0016;0,0105;0,0003;0,001;0,167;0,0203;0,026;0,0139;0,0046;0,0004;0,0008;0,0016;0,0014;0;0,007;0,0084;0,0291;0,0022;0,0013;0,0229;0,0017;0,0285;0,006;0,0109;0,9576;0,0483;0,0068;0,0009;0,0109
90100601;0,0025;0,0077;0,0006;0,0026;0,0195;0,0012;0,0024;0,0005;0,0328;0,0061;0,0526;0,0024;0,0093;0,0031;0,0355;0,0076;0,0139;0,0126;0,0075;0,009;0,0068;1,3999;0,0658;0,0337;0,3343;0,0229;0,0011;0,0007;0,0091;0,0003;0,0003;0,0014;0,0102;0,0002;0,0014;0,2052;0,0183;0,0255;0,0126;0,0031;0,0005;0,0009;0,0016;0,0017;0,002;0,0073;0,0082;0,0376;0,0056;0,0013;0,0212;0,0014;0,0191;0,006;0,0123;0,887;0,0394;0,0058;0,0007;0,0129
90100701;0,0025;0,0076;0,0014;0,0034;0,0083;0,0011;0,003;0,0001;0,0328;0,0027;0,0501;0,0022;0,0155;0,0018;0,0216;0,0041;0,0118;0,0137;0,0566;0,0016;0,0053;1,1379;0,0336;0,0739;0,4266;0,0291;0,0009;0,0012;0,0046;0,0003;0,0001;0,001;0,0101;0,0002;0,001;0,655;0,018;0,0279;0,0162;0,0022;0,0005;0,0023;0,0011;0,0011;0,0015;0,0091;0,008;0,025;0,0016;0,0008;0,0114;0,0019;0,0176;0,0063;0,0122;0,6678;0,0327;0,0064;0,0011;0,0116
90100801;0,0021;0,0046;0,0006;0,0021;0,0013;0,0011;0,0023;0,0002;0,0328;0,0011;0,0552;0,0018;0,0096;0,0022;0,0256;0,0083;0,0122;0,0083;0,0046;0,0152;0,006;1,1018;0,0507;0,0462;0,4031;0,0355;0,0006;0,0004;0,0051;0,0005;0,0004;0,0009;0,0075;0,0003;0,0006;0,2251;0,0129;0,0174;0,0129;0,0023;0,0006;0,001;0,0012;0,0005;0,0007;0,0062;0,0085;0,0312;0,0006;0,001;0,0201;0,0012;0,0212;0,0054;0,0072;0,7134;0,0298;0,007;0,0005;0,0118
90100901;0,0061;0,0068;0,001;0,0035;0,0031;0,0015;0,0035;0,0005;0,024;0,0015;0,0889;0,0046;0,0134;0,0029;0,0355;0,0107;0,0123;0,017;0,0039;0,0129;0,0058;0,9398;0,0219;0,0836;0,4376;0,0092;0,0003;0,0005;0,0079;0,0008;0,0007;0,001;0,0112;0,0004;0,0011;0,1968;0,0215;0,0313;0,0161;0,0041;0,0009;0,0013;0,0032;0,001;0,0032;0,01;0,0107;0,0538;0,0017;0,0014;0,0281;0,0015;0,0276;0,0067;0,0142;0,5965;0,0415;0,013;0,0005;0,0177
90101001;0,0033;0,0066;0,0005;0,0022;0,0019;0,0013;0,0025;0,0005;0,0233;0,0014;0,0635;0,0024;0,0112;0,0024;0,0355;0,0097;0,0133;0,0116;0,0031;0,0077;0,0045;1,0944;0,039;0,0693;0,482;0,0238;0,0007;0,0003;0,0071;0,0004;0,0005;0,0009;0,0092;0,0003;0,001;0,1845;0,0175;0,0297;0,0143;0,0029;0,0005;0,0009;0,0014;0,0012;0,0017;0,0089;0,0083;0,0359;0,0013;0,0015;0,0226;0,001;0,0253;0,006;0,0116;0,6206;0,0383;0,0077;0,0004;0,0127
90101101;0,0032;0,0086;0,0006;0,0021;0,0054;0,001;0,0018;0,0005;0,0274;0,0015;0,0444;0,0027;0,0117;0,002;0,0365;0,0083;0,0152;0,0129;0,0039;0,0041;0,0055;1,1505;0,0576;0,0433;0,3681;0,0382;0,0009;0,0003;0,0086;0,0004;0,0002;0,0014;0,007;0,0004;0,0011;0,1497;0,0141;0,0243;0,0169;0,0026;0,0005;0,0007;0,0012;0,0008;0,0015;0,007;0,0078;0,0223;0,0015;0,0013;0,0199;0,0016;0,0215;0,0055;0,0087;0,578;0,0328;0,0078;0,0002;0,0144
90101201;0,0033;0,0062;0,0004;0,0016;0,0111;0,0011;0,002;0,0005;0,036;0,0036;0,0458;0,0031;0,01;0,0018;0,0279;0,0116;0,011;0,0106;0,0031;0,0041;0,005;0,9069;0,0371;0,0373;0,4583;0,0254;0,0006;0,0001;0,0038;0,0008;0;0,0014;0,0069;0,0004;0,0009;0,1848;0,0131;0,0231;0,0074;0,0026;0,0007;0,0009;0,0015;0,0012;0,0019;0,0054;0,0077;0,0269;0,0014;0,0013;0,0193;0,0012;0,0126;0,0052;0,0071;0,4809;0,0305;0,0042;0,0002;0,0109
90120101;0,0042;0,0084;0,0017;0,004;0,0047;0,0009;0,0041;0,0006;0,0285;0,0061;0,0718;0,0027;0,0093;0,0017;0,026;0,0059;0,0126;0,0079;0,0038;0,0088;0,0034;1,1477;0,0277;0,1;0,4165;0,0263;0,0002;0,0013;0,0037;0,0002;0,0003;0,001;0,0114;0,0038;0,0004;0,2776;0,0235;0,0445;0,0515;0,0047;0,0006;0,0012;0,0023;0,0011;0,0009;0,0136;0,0094;0,0374;0,0257;0,0006;0,024;0,0016;0,0366;0,0089;0,0158;0,4465;0,0527;0,0029;0,0013;0,0164
90120201;0,0029;0,0076;0,002;0,0036;0,0049;0,0011;0,0036;0,0007;0,0303;0,0053;0,071;0,0035;0,0105;0,0023;0,0218;0,0054;0,0119;0,0052;0,0032;0,0057;0,0033;1,0566;0,0261;0,1043;0,5255;0,032;0,0002;0,0012;0,0033;0,0005;0,0003;0,0008;0,0104;0,0043;0,0007;0,2776;0,022;0,0408;0,0525;0,0044;0,0009;0,0032;0,0015;0,001;0,001;0,0138;0,0089;0,0435;0,017;0,0007;0,0211;0,0016;0,027;0,007;0,0152;0,4225;0,0475;0,0038;0,0015;0,015
90120301;0,0044;0,0071;0,0011;0,0029;0,0036;0,0006;0,0026;0,0005;0,0283;0,0053;0,0651;0,002;0,0135;0,0035;0,0218;0,0067;0,0129;0,0173;0,008;0,0156;0,0029;1,2311;0,0304;0,0799;0,5078;0,0196;0,0006;0,0005;0,0115;0,0007;0,0007;0,001;0,0095;0,011;0,0006;0,311;0,0197;0,0388;0,0297;0,0055;0,0006;0,0008;0,0016;0,0012;0,0013;0,0125;0,0089;0,0344;0,0505;0,0008;0,0228;0,0008;0,0226;0,0068;0,0137;0,5813;0,0423;0,0059;0,0004;0,014
90120401;0,0025;0,0057;0,0014;0,0029;0,0028;0,0008;0,0027;0,0005;0,0249;0,0044;0,0666;0,0025;0,0099;0,0035;0,0298;0,0043;0,0139;0,0109;0,0104;0,007;0,0025;1,2094;0,0216;0,0948;0,3195;0,0223;0,0002;0,0002;0,0122;0,0005;0,0003;0,0008;0,0095;0,0023;0,0002;0,2776;0,018;0,0388;0,0205;0,0045;0,0005;0,0004;0,0017;0,0007;0,0017;0,0094;0,0092;0,0337;0,0224;0,0009;0,0206;0,0011;0,0244;0,0066;0,0124;0,5161;0,0398;0,0043;0,0003;0,0148
90120501;0,0036;0,0063;0,0009;0,0023;0,0024;0,0011;0,0024;0,0005;0,0339;0,0029;0,0578;0,0058;0,0093;0,0026;0,0259;0,0036;0,0104;0,013;0,0022;0,0041;0,0029;0,9135;0,0156;0,086;0,6422;0,0139;0,0007;0,0009;0,0009;0,0005;0,0003;0,0012;0,0082;0,0026;0,0003;0,1986;0,0164;0,0327;0,0182;0,0037;0,001;0,0009;0,0017;0,0016;0,0018;0,0089;0,0084;0,0267;0,0158;0,0013;0,0182;0,0009;0,0151;0,0063;0,0122;0,3088;0,0362;0,0036;0,0003;0,0145
90120601;0,0025;0,0076;0,001;0,0031;0,0045;0,0011;0,0028;0,0005;0,0278;0,0067;0,0611;0,0028;0,0119;0,0049;0,0287;0,0059;0,0143;0,0083;0,0113;0,0045;0,0017;1,1518;0,0203;0,098;0,4836;0,0313;0,0001;0,0003;0,0106;0,0005;0,0003;0,0007;0,0119;0,0028;0,0004;0,2638;0,0209;0,0263;0,0337;0,0045;0,0003;0,0006;0,0017;0,0006;0,0011;0,0113;0,0085;0,0361;0,0112;0,0005;0,024;0,001;0,0243;0,007;0,0144;0,5973;0,0444;0,003;0,0005;0,0127
90120602;0,0039;0,0063;0,0007;0,0033;0,004;0,0011;0,0034;0,0009;0,0396;0,0039;0,0575;0,0058;0,0107;0,0038;0,0232;0,0042;0,011;0,0111;0,0038;0,0041;0,0024;1,1092;0,0169;0,095;0,5582;0,0092;0,0006;0,0005;0,0011;0,0002;0,0002;0,0013;0,0117;0,002;0,0002;0,1781;0,0221;0,0366;0,0188;0,0043;0,001;0,0006;0,0014;0,0017;0;0,0099;0,0101;0,0342;0,0042;0,0013;0,0179;0,0008;0,0224;0,0064;0,0157;0,3584;0,0409;0,007;0,0004;0,0123
90120801;0,0025;0,0076;0,0011;0,0034;0,006;0,0011;0,0033;0,0005;0,0391;0,0064;0,0574;0,0029;0,012;0,004;0,0205;0,006;0,0108;0,015;0,0059;0,0041;0,0056;1,3311;0,0823;0,035;0,3213;0,0617;0,0003;0,0006;0,0049;0,0005;0,0006;0,0012;0,013;0,0011;0,0009;0,2613;0,0241;0,0376;0,0151;0,0034;0,001;0,0011;0,0017;0,0015;0,0015;0,0134;0,0094;0,0469;0,0045;0,0011;0,0202;0,0013;0,0318;0,0072;0,0164;0,5124;0,0497;0,003;0,0004;0,0138
90120901;0,0046;0,0102;0,0014;0,0031;0,0079;0,0011;0,0036;0,0005;0,0385;0,0064;0,055;0,0033;0,0147;0,0038;0,0281;0,0061;0,0136;0,0148;0,0107;0,0057;0,0069;1,157;0,087;0,0423;0,4017;0,0258;0,0011;0,0002;0,0115;0,0006;0,0005;0,0017;0,0164;0,0007;0,0014;0,2131;0,028;0,0475;0,0126;0,0033;0,0006;0,0011;0,0018;0,0015;0,0034;0,0168;0,0093;0,0495;0,0013;0,0015;0,0292;0,0016;0,0298;0,0064;0,0148;0,5058;0,0485;0,0053;0,0003;0,0146
90121001;0,0041;0,0061;0,0011;0,0019;0,004;0,0013;0,0023;0,0005;0,0271;0,0025;0,0664;0,0031;0,0155;0,0049;0,0298;0,0028;0,0118;0,0127;0,0044;0,0063;0,0064;1,2278;0,0713;0,0578;0,5273;0,0156;0,0002;0,0004;0,0056;0,0007;0,0002;0,0014;0,0106;0,0003;0,0013;0,2794;0,02;0,0343;0,0163;0,0027;0,0005;0,0015;0,0017;0,0012;0,0019;0,0118;0,0106;0,0447;0,0013;0,0013;0,0277;0,0018;0,0284;0,0065;0,0129;0,4822;0,0448;0,005;0,0004;0,0139
90121005;0,0038;0,0076;0,0014;0,0029;0,0073;0,0018;0,0037;0,0005;0,0352;0,0061;0,0692;0,0021;0,0127;0,003;0,0344;0,0044;0,0121;0,0182;0,0065;0,0084;0,0046;1,2876;0,0783;0,045;0,3602;0,0135;0,0004;0,0005;0,009;0,0005;0,0003;0,0013;0,0124;0,0012;0,0011;0,3389;0,0222;0,0351;0,0118;0,0038;0,0006;0,0011;0,0021;0,0012;0,0015;0,0129;0,0091;0,0501;0,0013;0,0013;0,0239;0,0017;0,0293;0,0062;0,0158;0,6286;0,048;0,0044;0;0,0134
90121101;0,0044;0,0057;0,001;0,0021;0,0048;0,0011;0,0028;0,0006;0,0313;0,0037;0,0627;0,0041;0,0138;0,0018;0,0253;0,0068;0,0147;0,0169;0,0042;0,0045;0,0056;1,0321;0,0678;0,0568;0,3848;0,02;0,0008;0,0004;0,0082;0,0003;0,0005;0,0015;0,0157;0,0003;0,0014;0,2391;0,026;0,0361;0,0132;0,0037;0,0006;0,0016;0,0015;0,0011;0,0019;0,0162;0,0113;0,0457;0,0014;0,0017;0,0258;0,0015;0,0276;0,006;0,0149;0,3272;0,0462;0,0049;0,0003;0,0162
90121301;0,004;0,0049;0,0006;0,0023;0,002;0,0012;0,0023;0,0005;0,0234;0,0016;0,0691;0,0022;0,0114;0,0025;0,0284;0,0085;0,0129;0,0135;0,0028;0,0185;0,0058;0,973;0,0534;0,0544;0,5348;0,0159;0,0004;0,0003;0,0062;0,0009;0,0004;0,0011;0,0117;0,0002;0,001;0,2127;0,0213;0,0256;0,0124;0,0035;0,0004;0,0011;0,0017;0,0002;0,0021;0,0075;0,0115;0,0416;0,0017;0,0017;0,0297;0,0012;0,0248;0,006;0,0112;0,8145;0,0427;0,0095;0,0005;0,014
90121401;0,0035;0,006;0,0014;0,0017;0,0024;0,0011;0,0021;0,0002;0,0289;0,0018;0,0569;0,0024;0,0105;0,0018;0,0239;0,0037;0,0105;0,0072;0,0033;0,0041;0,0024;0,9674;0,0634;0,0411;0,6237;0,0274;0,0003;0,0001;0,0058;0,0001;0,0003;0,0014;0,0096;0,0006;0,0011;0,2307;0,0174;0,0305;0,0131;0,003;0,0005;0,0012;0,0014;0,0005;0,0016;0,0098;0,0085;0,0356;0,0017;0,0009;0,0195;0,0018;0,0192;0,0059;0,0119;0,2;0,0376;0,0026;0,0002;0,011
90121501;0,0025;0,0038;0,0008;0,002;0,0025;0,0011;0,0022;0,0002;0,0272;0,0019;0,0618;0,0033;0,0127;0,0027;0,0307;0,0028;0,0124;0,0093;0,0061;0,0041;0,0053;0,975;0,0592;0,0517;0,3482;0,0302;0,0002;0,0002;0,0088;0,0008;0,0002;0,0012;0,0094;0,0004;0,0008;0,2344;0,0167;0,0305;0,0122;0,0026;0,0003;0,0011;0,0011;0,001;0,0014;0,0103;0,0075;0,0338;0,0011;0,001;0,0209;0,0016;0,0231;0,006;0,0126;0,3551;0,0356;0,0038;0,0006;0,0134
90121601;0,0046;0,005;0,0009;0,0021;0,0038;0,0009;0,0025;0,0005;0,0249;0,0021;0,0559;0,0052;0,0155;0,0018;0,0323;0,0035;0,0121;0,014;0,0043;0,0105;0,0058;1,0099;0,0678;0,0544;0,587;0,0091;0;0,0005;0,0168;0,0008;0,0007;0,0015;0,0102;0,0008;0,0011;0,1981;0,0213;0,0397;0,0195;0,0026;0,001;0,0006;0,0014;0,001;0,0039;0,0141;0,0097;0,0396;0,0019;0,0017;0,033;0,0014;0,0253;0,0066;0,0136;0,4522;0,0422;0,0075;0,0007;0,0149
90121701;0,003;0,0035;0,0007;0,0022;0,0021;0,0011;0,0025;0,0007;0,0394;0,0012;0,0549;0,0058;0,0097;0,0018;0,0181;0,0026;0,0081;0,0101;0,0035;0,0068;0,004;0,7812;0,0644;0,0347;0,5099;0,0293;0,0009;0,001;0,0064;0,0004;0,0002;0,0013;0,0098;0,0008;0,0005;0,2095;0,018;0,0299;0,0116;0,0028;0,001;0,0008;0,0012;0,0007;0,001;0,0097;0,0092;0,032;0,0014;0,0013;0,0268;0,0012;0,0152;0,0067;0,012;0,2547;0,036;0,0036;0,0006;0,0108
90121801;0,003;0,0065;0,0009;0,0018;0,0019;0,0013;0,002;0,0005;0,0282;0,0019;0,0422;0,0029;0,0127;0,0024;0,0253;0,0021;0,0104;0,0119;0,0054;0,0112;0,0053;1,2095;0,0577;0,0245;0,5088;0,0066;0,0011;0,0005;0,0089;0,0008;0,0005;0,0013;0,0049;0,0008;0,0011;0,2396;0,0134;0,0209;0,0174;0,0023;0,0006;0,0011;0,0014;0,0012;0,0004;0,0069;0,0098;0,0207;0,0023;0,0007;0,0178;0,0014;0,0109;0,006;0,0105;0,3317;0,0318;0,0056;0,0006;0,0098
90130101;0,0025;0,0117;0,0018;0,0047;0,0701;0,0011;0,0036;0,0001;0,0325;0,0096;0,0563;0,0113;0,0081;0,0022;0,0306;0,0063;0,012;0,009;0,0051;0,0021;0,0118;1,1321;0,0714;0,0644;0,4877;0,0467;0,0004;0,0012;0,0115;0,0003;0,0001;0,0017;0,0127;0,0003;0,0017;0,2073;0,0255;0,0394;0,0597;0,0027;0,0009;0,0011;0,0019;0,0017;0,0018;0,0111;0,0086;0,0452;0,0005;0,0013;0,0253;0,0023;0,0271;0,0088;0,0088;0,8689;0,0478;0,0025;0,0014;0,0144
90130201;0,0025;0,015;0,0017;0,0037;0,0409;0,0011;0,0033;0,0005;0,3524;0,0033;0,0406;0,0023;0,0133;0,0046;0,0264;0,0085;0,0169;0,0108;0,0076;0,0054;0,0086;0,9718;0,0929;0,0504;0,3257;0,0658;0,0003;0,0006;0,0101;0,0003;0,0004;0,0017;0,0145;0,0006;0,0014;0,3452;0,0269;0,0367;0,0131;0,0032;0,0003;0,0011;0,0022;0,0044;0,0036;0,0244;0,0082;0,0559;0,0028;0,0013;0,0257;0,0014;0,021;0,0052;0,0124;0,8514;0,0464;0,0045;0,0003;0,0134
90130301;0,0025;0,0098;0,0014;0,0035;0,0814;0,0011;0,0022;0,0004;0,0304;0,0117;0,0418;0,0021;0,0055;0,0024;0,0263;0,0048;0,01;0,0048;0,0017;0,0036;0,0076;0,8496;0,0656;0,0318;0,2756;0,0434;0,0002;0,0005;0,0093;0,0008;0,0004;0,001;0,0098;0,0004;0,0014;0,1965;0,0204;0,0229;0,0075;0,0014;0,0008;0,0015;0,0015;0,0018;0,0012;0,0073;0,0073;0,035;0,001;0,0013;0,0193;0,0018;0,0179;0,0057;0,0084;0,8243;0,0385;0,0024;0,0007;0,0121
90130401;0,0025;0,0044;0,0021;0,0036;0,0071;0,0013;0,0036;0,0016;0,0298;0,0036;0,0828;0,0039;0,0098;0,0056;0,0303;0,0047;0,0143;0,0121;0,0088;0,0055;0,0089;1,0028;0,0624;0,0546;0,409;0,0539;0,0003;0,0004;0,0098;0,0002;0,0002;0,0009;0,0151;0,0003;0,001;0,6289;0,0277;0,0359;0,0115;0,0037;0,0009;0,0039;0,0018;0,0015;0,0013;0,0108;0,01;0,0645;0,0027;0,0013;0,0251;0,0018;0,0221;0,0073;0,0149;0,5539;0,0451;0,005;0,0004;0,0131
90130501;0,0029;0,0068;0,0017;0,0026;0,038;0,0011;0,003;0,0005;0,0401;0,0054;0,0502;0,0033;0,0082;0,0018;0,0236;0,0047;0,011;0,0077;0,0023;0,0033;0,0076;0,9285;0,0522;0,0432;0,47;0,0434;0,0003;0,0003;0,0094;0,0003;0,0002;0,0018;0,0097;0,0004;0,0013;0,2047;0,0184;0,0276;0,0094;0,0026;0,0006;0,0012;0,0028;0,001;0,0043;0,0105;0,0071;0,0472;0,0012;0,0011;0,0197;0,0016;0,0165;0,0056;0,0117;0,387;0,0388;0,0042;0,0004;0,0101
90130701;0,0025;0,0122;0,0014;0,0038;0,0098;0,0011;0,0035;0,0006;0,0225;0,0061;0,0469;0,0023;0,0101;0,0036;0,0147;0,0095;0,0142;0,0096;0,0067;0,002;0,0076;1,2404;0,0538;0,0641;0,4196;0,0323;0,0005;0,0003;0,0015;0,0002;0,0001;0,0017;0,0147;0,0005;0,0014;0,2318;0,0234;0,0315;0,0137;0,0035;0,0004;0,0018;0,0017;0,0008;0,0005;0,0155;0,0099;0,0353;0,0002;0,0013;0,0228;0,0016;0,0195;0,0075;0,014;0,8235;0,0512;0,0048;0,0003;0,0131
90130801;0,0025;0,0044;0,002;0,0035;0,0054;0,0011;0,0036;0,0013;0,0317;0,0019;0,057;0,0028;0,0092;0,0026;0,0303;0,0031;0,0106;0,0043;0,0046;0,0035;0,007;0,8386;0,0481;0,0647;0,4111;0,0685;0,0009;0,0002;0,0084;0,0002;0,0001;0,0008;0,012;0,0002;0,0009;0,3132;0,024;0,0272;0,0165;0,0035;0,0008;0,0022;0,0016;0,0018;0,0008;0,0083;0,01;0,0517;0,0028;0,0013;0,0236;0,0014;0,0179;0,0071;0,0116;0,4746;0,0371;0,0048;0,0003;0,013
90130901;0,0025;0,005;0,0022;0,0023;0,0081;0,0012;0,0041;0,0005;0,0352;0,0041;0,0501;0,0035;0,0089;0,004;0,0206;0,0051;0,0116;0,0085;0,0094;0,0071;0,0056;0,9724;0,0469;0,0687;0,4063;0,0414;0,0008;0,0008;0,0087;0,0006;0,0003;0,0016;0,0126;0,0005;0,0014;0,3175;0,0221;0,0284;0,0145;0,0039;0,0007;0,0018;0,0015;0,0018;0,0008;0,0099;0,0097;0,0521;0,0016;0,0013;0,0245;0,0017;0,0263;0,0065;0,0124;0,5798;0,0354;0,0028;0,0003;0,0114
90131001;0,0025;0,0174;0,0018;0,004;0,055;0,0011;0,0053;0,0005;0,2921;0,0046;0,031;0,0025;0,0077;0,0021;0,025;0,0125;0,0098;0,0116;0,0117;0,0037;0,0059;0,7453;0,0598;0,0471;0,3033;0,0327;0,0014;0,001;0,0064;0,0004;0;0,0017;0,019;0,0006;0,0014;0,3028;0,032;0,0291;0,0348;0,0042;0,0003;0,0026;0,0026;0,0018;0,0026;0,0185;0,0079;0,0394;0,01;0,0007;0,0177;0,0019;0,0176;0,0061;0,0124;0,8039;0,0485;0,0056;0,0002;0,0128
90140101;0,0025;0,0077;0,0014;0,0031;0,004;0,001;0,0031;0,0006;0,0311;0,0023;0,0872;0,0038;0,0107;0,0024;0,0234;0,0075;0,01;0,0077;0,0034;0,0038;0,0091;0,9599;0,0587;0,057;0,4266;0,0245;0,0007;0,0016;0,0054;0,0003;0,0003;0,001;0,0082;0,0002;0,001;0,297;0,0174;0,0353;0,0478;0,004;0,0007;0,0013;0,0015;0,0015;0,0006;0,0105;0,0085;0,0356;0,001;0,0013;0,0193;0,0023;0,0242;0,0086;0,0132;0,5344;0,0399;0,0062;0,0005;0,0132
90140201;0,003;0,0065;0,0014;0,003;0,004;0,0014;0,0028;0,0002;0,0282;0,0026;0,0714;0,0046;0,0096;0,0045;0,0251;0,0088;0,0121;0,0095;0,0064;0,0041;0,007;1,1402;0,0538;0,0606;0,2997;0,0436;0,0006;0,0003;0,0108;0,0006;0,0006;0,0012;0,0092;0,0003;0,0007;0,3155;0,0179;0,0313;0,0113;0,0016;0,0009;0,0005;0,002;0,0008;0,0012;0,0064;0,0085;0,0378;0,0017;0,0016;0,0193;0,0018;0,0224;0,0068;0,0124;0,5417;0,0428;0,007;0,0001;0,0113
90140301;0,0025;0,0072;0,0005;0,0022;0,0089;0,0008;0,0025;0,0001;0,033;0,0027;0,0584;0,004;0,0093;0,0042;0,0287;0,0058;0,0104;0,0085;0;0,0041;0,0062;1,0618;0,0533;0,0411;0,3506;0,028;0,0004;0,0005;0,0096;0,0004;0,0002;0,0012;0,0065;0,0002;0,0007;0,2712;0,0132;0,0286;0,0087;0,0016;0,001;0,001;0,0014;0,0013;0,0016;0,0105;0,0067;0,0228;0,0014;0,0013;0,0226;0,0014;0,0197;0,0048;0,0105;0,3249;0,0298;0,0055;0,0005;0,0093
90140401;0,0025;0,0078;0,0014;0,0023;0,0053;0,001;0,0031;0,0002;0,0328;0,0024;0,0506;0,0039;0,0096;0,0039;0,0232;0,0076;0,012;0,0083;0,0025;0,0041;0,0083;1,1014;0,0466;0,04;0,2957;0,0353;0,0011;0,0006;0,0058;0,0008;0,0002;0,0014;0,0063;0,0002;0,0008;0,2776;0,013;0,0266;0,0105;0,0019;0,001;0,0009;0,0013;0,0007;0,0019;0,0081;0,0067;0,0265;0,0017;0,0013;0,0165;0,0018;0,0176;0,0062;0,01;0,5704;0,0312;0,0033;0,0011;0,0105
90140501;0,0025;0,0054;0,0007;0,0026;0,0034;0,0013;0,003;0,0005;0,0328;0,0021;0,0757;0,0026;0,01;0,0022;0,0244;0,0114;0,0105;0,0084;0,0058;0,0111;0,0068;1,018;0,0547;0,0596;0,4467;0,0308;0,0004;0,0001;0,0098;0,001;0,0003;0,0011;0,0075;0,0002;0,0009;0,3604;0,0151;0,0332;0,0129;0,003;0,0003;0,0015;0,0017;0,0015;0,0036;0,0086;0,0067;0,041;0,0014;0,0012;0,023;0,0017;0,0287;0,0072;0,0126;0,5692;0,0341;0,0042;0,0004;0,0116
90140601;0,0033;0,0055;0,0008;0,0021;0,0033;0,0012;0,0018;0,0005;0,0204;0,0023;0,0667;0,0022;0,0121;0,0038;0,0191;0,0108;0,01;0,0111;0,0097;0,0034;0,0038;0,9854;0,0404;0,0614;0,4058;0,0249;0,0003;0,0001;0,0069;0,0008;0,0003;0,0012;0,008;0,0003;0,0012;0,2722;0,0167;0,0334;0,0157;0,0021;0,0006;0,0017;0,0014;0,0016;0,0019;0,0089;0,0072;0,0337;0,0008;0,0013;0,0167;0,0013;0,0233;0,006;0,0125;0,583;0,0324;0,0072;0,0004;0,0118
90140701;0,0042;0,006;0,0009;0,0027;0,0044;0,0011;0,0033;0,0005;0,0382;0,0023;0,0626;0,0026;0,0114;0,0041;0,017;0,0142;0,01;0,0172;0,0017;0,0061;0,0038;1,0692;0,0257;0,0686;0,4176;0,0371;0,0007;0,0005;0,0047;0,0012;0,0005;0,0017;0,0096;0,0004;0,0012;0,2776;0,0191;0,0361;0,0122;0,0044;0,0006;0,0017;0,0024;0,0023;0,0039;0,0126;0,0094;0,0329;0,0014;0,0013;0,0208;0,0017;0,0284;0,0071;0,0146;0,5523;0,0403;0,0077;0;0,0116
90140901;0,003;0,0059;0,001;0,0023;0,0026;0,0011;0,0023;0,0005;0,0378;0,0016;0,0522;0,0058;0,0099;0,0018;0,0143;0,0109;0,008;0,011;0,0024;0,0061;0,0045;1,0832;0,0421;0,0415;0,6631;0,0092;0,0009;0,0007;0,0091;0,0005;0,0002;0,0015;0,0081;0,0008;0,0008;0,2315;0,0163;0,0303;0,0126;0,0031;0,001;0,0009;0,002;0,0014;0,0027;0,0094;0,0093;0,0299;0,001;0,0008;0,0214;0,0012;0,0141;0,0068;0,0122;0,4565;0,0381;0,007;0;0,011
90150101;0,0025;0,0052;0,0014;0,0024;0,0033;0,001;0,0029;0,0008;0,0302;0,0018;0,0804;0,006;0,0114;0,0034;0,0322;0,0046;0,0126;0,007;0,0036;0,0052;0,0093;0,9862;0,1061;0,0406;0,361;0,0481;0,0007;0,001;0,0082;0,001;0,0002;0,0014;0,0102;0,0002;0,0014;0,238;0,022;0,0389;0,0432;0,0018;0,001;0,0013;0,0014;0,0012;0,0009;0,0102;0,01;0,0673;0,0004;0,002;0,0243;0,0026;0,0224;0,0082;0,0186;0,4308;0,0507;0,0084;0,0002;0,0152
90150201;0,0025;0,0093;0,0014;0,0035;0,005;0,0013;0,0079;0,0005;0,0313;0,0021;0,0803;0,0035;0,0131;0,0036;0,0355;0,006;0,0114;0,0085;0,0028;0,0029;0,0123;1,132;0,1062;0,0481;0,2783;0,0486;0,0005;0,0015;0,0115;0,0007;0,0006;0,0017;0,021;0,0004;0,0026;0,2083;0,0301;0,0401;0,0551;0,0024;0,001;0,0014;0,002;0,0007;0,0004;0,01;0,0123;0,0596;0,0006;0,0021;0,0259;0,0023;0,0257;0,011;0,0213;0,4446;0,0606;0,007;0,0006;0,0149
90150301;0,0032;0,0055;0,001;0,0024;0,0067;0,001;0,0027;0,0005;0,0245;0,0024;0,0594;0,0025;0,0124;0,0039;0,0311;0,0041;0,0121;0,0083;0,0041;0,0048;0,0082;0,959;0,0848;0,0403;0,3219;0,0355;0,0011;0,0006;0,0076;0,0006;0,0004;0,0009;0,0102;0,0002;0,0006;0,1536;0,0197;0,028;0,0088;0,002;0,0004;0,0011;0,0012;0,0019;0,0017;0,0075;0,0092;0,047;0,0003;0,0013;0,0254;0,0017;0,0197;0,0062;0,0159;0,4751;0,0368;0,0074;0,0008;0,0142
90150501;0,0025;0,0066;0,0011;0,0027;0,0044;0,0011;0,0029;0,0005;0,0314;0,0027;0,0547;0,0029;0,012;0,0028;0,026;0,0038;0,0097;0,0084;0,0031;0,0038;0,0059;1,0848;0,0792;0,0355;0,4215;0,026;0,0003;0,0007;0,0046;0,0006;0,0004;0,0012;0,0154;0,0003;0,0014;0,2551;0,0279;0,0244;0,0112;0,0029;0,0004;0,0021;0,0015;0,0005;0,0008;0,0099;0,0143;0,0587;0,0004;0,0013;0,0206;0,0015;0,0176;0,0073;0,0193;0,5117;0,0468;0,007;0;0,0127
90150601;0,0015;0,004;0,0009;0,0025;0,0061;0,0009;0,003;0,0005;0,0453;0,0034;0,0593;0,0032;0,0108;0,0041;0,021;0,0077;0,0112;0,0105;0,0749;0,0069;0,0053;0,9251;0,0776;0,0472;0,3533;0,0304;0,0003;0,0016;0,0024;0,0004;0,0004;0,0009;0,0132;0,0005;0,001;0,1977;0,0241;0,0298;0,0201;0,0044;0,001;0,0014;0,0013;0,001;0,0017;0,0092;0,0101;0,0472;0,0001;0,0013;0,0262;0,0011;0,0221;0,0078;0,0165;0,4759;0,0421;0,007;0,001;0,0136
90150701;0,0021;0,004;0,0007;0,0026;0,0046;0,001;0,0029;0,0002;0,0328;0,0031;0,0601;0,002;0,0126;0,0032;0,0263;0,0057;0,0099;0,0111;0,0023;0,0041;0,006;1,0042;0,087;0,0429;0,2434;0,0264;0,0006;0,0001;0,0072;0,0004;0,0003;0,0013;0,016;0,0006;0,0011;0,2534;0,0267;0,0298;0,0152;0,0035;0,0005;0,0009;0,0019;0,0007;0,0022;0,0136;0,0125;0,072;0,0008;0,0013;0,0239;0,0015;0,0235;0,0083;0,0215;0,6103;0,0496;0,0092;0,0003;0,0172
90160101;0,0033;0,0089;0,0014;0,0018;0,0164;0,0008;0,0035;0,0003;0,0296;0,0046;0,0542;0,0044;0,0115;0,0031;0,0214;0,0085;0,0141;0,0083;0,0035;0,0041;0,008;1,0394;0,0728;0,0374;0,4293;0,037;0,0006;0,0014;0,0052;0,0001;0,0002;0,0009;0,0096;0,0004;0,0011;0,2776;0,0201;0,0337;0,0582;0,0027;0,0009;0,0013;0,0025;0,0012;0,0006;0,0108;0,0102;0,043;0,0017;0,0013;0,023;0,0019;0,0198;0,0089;0,0126;0,6953;0,0443;0,0061;0,0011;0,0135
90160201;0,0025;0,0084;0,0014;0,0027;0,0078;0,0011;0,0037;0,0008;0,0444;0,003;0,0761;0,0055;0,0133;0,0034;0,0246;0,0088;0,016;0,0052;0,0045;0,0041;0,0084;1,076;0,0884;0,0249;0,4526;0,0306;0,0006;0,0004;0,0089;0,0004;0,0004;0,0021;0,0102;0,0006;0,0014;0,4372;0,0163;0,0346;0,057;0,0009;0,0007;0,0011;0,0026;0,0014;0,0011;0,009;0,0101;0,0457;0,0015;0,0018;0,0249;0,0021;0,0178;0,0066;0,0137;0,5736;0,0406;0,0097;0,0006;0,0138
90160301;0,0025;0,0075;0,0011;0,0024;0,0337;0,0009;0,0026;0,0002;0,0221;0,0054;0,0415;0,0012;0,0088;0,0039;0,0222;0,0079;0,0149;0,0176;0,003;0,0041;0,0069;0,8973;0,0655;0,0234;0,5217;0,0373;0,0003;0,0003;0,0023;0,0015;0,0001;0,0009;0,0088;0,0006;0,001;0,242;0,0181;0,0314;0,012;0,0026;0,0005;0,0011;0,0018;0,0017;0,0051;0,0088;0,0083;0,0273;0,0027;0,001;0,0247;0,0013;0,0192;0,0054;0,0099;0,5991;0,0356;0,0095;0,0002;0,0126
90160401;0,0025;0,0162;0,0014;0,0042;0,0196;0,0011;0,0042;0;0,1256;0,0022;0,0438;0,0032;0,0094;0,0037;0,0357;0,0102;0,0172;0,0111;0,0022;0,0091;0,0072;1,576;0,0769;0,0306;0,4272;0,0259;0,0002;0,0004;0,0079;0,0006;0,0002;0,0014;0,0138;0,0006;0,0011;0,329;0,0224;0,0287;0,0201;0,0024;0,0004;0,0011;0,0044;0,0015;0,0014;0,011;0,0094;0,0499;0,0059;0,0013;0,0188;0,0017;0,016;0,006;0,0124;0,8362;0,0436;0,0074;0,0002;0,0121
90160501;0,0025;0,0202;0,0014;0,0047;0,0106;0,0011;0,0049;0,0005;0,1474;0,0018;0,0467;0,0026;0,0084;0,0035;0,0231;0,0142;0,0153;0,0201;0,0007;0,0081;0,0065;1,1068;0,0828;0,0326;0,4959;0,0375;0,0008;0,0004;0,0045;0,0008;0,0002;0,0014;0,0169;0,0006;0,0014;0,2776;0,0282;0,0362;0,0169;0,0032;0,0005;0,0019;0,0032;0,001;0,002;0,0128;0,0107;0,0476;0,0031;0,0013;0,0193;0,0013;0,0189;0,0077;0,0155;0,792;0,0472;0,0106;0,0005;0,0112
90160601;0,0033;0,0061;0,001;0,002;0,0052;0,0008;0,0023;0,0012;0,0289;0,003;0,0581;0,0041;0,0097;0,0033;0,0172;0,0062;0,0135;0,0112;0,0024;0,0041;0,0076;0,8769;0,0565;0,0284;0,4307;0,0413;0,0004;0,0011;0,0094;0,0003;0;0,0012;0,0096;0,0008;0,0013;0,2344;0,0153;0,0282;0,0116;0,0031;0,0008;0,001;0,0018;0,0009;0,0005;0,0093;0,0088;0,0433;0,0026;0,0013;0,0166;0,0016;0,0162;0,0064;0,0135;0,6911;0,0347;0,0057;0,001;0,0114
90160701;0,0029;0,0147;0,0014;0,0035;0,0293;0,0011;0,0043;0,0005;0,2526;0,0029;0,0347;0,0029;0,0096;0,0032;0,0273;0,0097;0,0139;0,0135;0,0034;0,006;0,0069;1,5076;0,0737;0,0276;0,4866;0,0178;0,0009;0,0005;0,0096;0,0008;0,0007;0,0017;0,0109;0,0006;0,001;0,6078;0,0202;0,0263;0,024;0,0026;0,0004;0,0011;0,0028;0,0019;0,001;0,0181;0,009;0,0393;0,0082;0,0009;0,0185;0,0016;0,0144;0,0063;0,0106;0,8021;0,0378;0,0074;0,0006;0,0121
90160801;0,0041;0,0146;0,0018;0,0033;0,0386;0,0016;0,006;0,003;0,2961;0,0021;0,045;0,0043;0,0147;0,0033;0,0287;0,0258;0,0152;0,0162;0,0039;0,024;0,0062;1,2695;0,0729;0,0622;0,3737;0,0355;0,0009;0,0033;0,0109;0,0007;0,0007;0,0018;0,0192;0,0006;0,0017;0,4509;0,0283;0,0399;0,0442;0,0041;0,0006;0,0011;0,0022;0,0013;0,0121;0,0108;0,011;0,057;0,0158;0,0013;0,0407;0,0012;0,0294;0,0072;0,0141;0,8235;0,0483;0,0234;0,0038;0,0149
90160901;0,0025;0,0239;0,0017;0,0033;0,0185;0,0011;0,0051;0,0005;0,2317;0,0026;0,0434;0,0021;0,015;0,0025;0,0269;0,0234;0,0148;0,0106;0,0013;0,0035;0,0059;1,2403;0,0629;0,0387;0,4451;0,029;0,0007;0,0016;0,0095;0,0009;0,0005;0,0017;0,0152;0,0006;0,002;0,4142;0,0252;0,0333;0,0201;0,0037;0,0005;0,0032;0,0033;0,0023;0,0009;0,0132;0,0113;0,0383;0,0097;0,0008;0,015;0,0019;0,0176;0,0055;0,0124;0,6536;0,0483;0,0075;0,0022;0,0118
90161001;0,0025;0,0093;0,0014;0,0036;0,0057;0,0011;0,0034;0,0023;0,0263;0,0024;0,0607;0,0037;0,014;0,0093;0,0265;0,011;0,0164;0,0111;0,0072;0,0041;0,0053;1,2734;0,0449;0,0474;0,4497;0,0314;0,0007;0,0031;0,0053;0,0008;0,0002;0,0012;0,0145;0,0004;0,0014;0,2776;0,0255;0,0308;0,0143;0,0032;0,0009;0,0013;0,0025;0,0021;0,0005;0,0099;0,0123;0,0548;0,0007;0,0013;0,0193;0,0016;0,0218;0,0069;0,0166;0,6453;0,0451;0,0065;0,0038;0,0138
90161101;0,0047;0,0176;0,0014;0,0046;0,0134;0,0011;0,0053;0,0002;0,1187;0,004;0,0501;0,0051;0,0116;0,006;0,0287;0,0289;0,0191;0,0111;0,0079;0,0041;0,0055;1,1643;0,0778;0,043;0,3491;0,0339;0,0011;0,0003;0,0089;0,0006;0,0006;0,0016;0,0199;0,0006;0,0015;0,3559;0,0343;0,0457;0,0175;0,0037;0,0005;0,0024;0,003;0,0023;0,0011;0,0195;0,0116;0,0586;0,0027;0,0013;0,0234;0,0014;0,0231;0,0069;0,019;0,5992;0,0585;0,007;0,0003;0,0175
90161201;0,0032;0,0118;0,0014;0,0036;0,0071;0,0015;0,0036;0,0003;0,0621;0,0042;0,0501;0,0042;0,0121;0,0017;0,0274;0,0096;0,0138;0,0075;0,0028;0,0058;0,0068;1,1844;0,0661;0,0349;0,2684;0,0266;0,0006;0,0002;0,0119;0,0008;0,0007;0,0007;0,0142;0,0008;0,0014;0,2776;0,0235;0,0287;0,0201;0,0033;0,0007;0,001;0,0024;0,0009;0,001;0,0138;0,0113;0,0512;0,0034;0,0013;0,0233;0,0015;0,0187;0,006;0,0124;0,8461;0,0423;0,007;0,0002;0,0133
90170101;0,0117;0,0186;0,0014;0,0065;0,008;0,0009;0,0057;0,0005;0,0328;0,0146;0,0744;0,0023;0,0095;0,0021;0,0152;0,0094;0,0207;0,007;0,0005;0,0013;0,0036;0,9802;0,0296;0,1218;0,4606;0,0466;0,0002;0,001;0,005;0,0006;0,0005;0,001;0,0352;0,0018;0,0008;0,2124;0,0521;0,0742;0,1189;0,0076;0,0007;0,002;0,003;0,001;0,0008;0,0222;0,0135;0,0597;0,0386;0,0013;0,0313;0,0017;0,0304;0,0086;0,0252;0,6414;0,0778;0,0269;0,0008;0,0208
90170201;0,0111;0,0134;0,0014;0,004;0,007;0,0011;0,0076;0,0011;0,0258;0,01;0,0648;0,0043;0,0073;0,0015;0,0139;0,0051;0,0112;0,004;0,0009;0,0041;0,0026;1,2248;0,0209;0,0948;0,3746;0,0501;0,0001;0,0005;0,0018;0,0001;0,0003;0,0009;0,0126;0,0007;0,0011;0,2369;0,02;0,035;0,0536;0,0021;0,0004;0,0011;0,0024;0,0014;0,0008;0,0151;0,0074;0,0405;0,0112;0,001;0,0236;0,0012;0,0199;0,0041;0,0083;0,5762;0,0455;0,0029;0,0007;0,0126
90170401;0,0098;0,0109;0,0014;0,0035;0,03;0;0,0061;0,0002;0,0271;0,0187;0,047;0,0041;0,0092;0,0039;0,0157;0,0045;0,0149;0,0137;0,0033;0,0023;0,0026;0,8597;0,0128;0,0986;0,4319;0,0261;0,0001;0;0,0056;0,0008;0,0005;0,0009;0,0104;0,0005;0,0005;0,1943;0,0198;0,0302;0,0258;0,0032;0,0004;0,0011;0,0018;0,0014;0,0006;0,0088;0,007;0,0344;0,0022;0,0013;0,0201;0,0011;0,0174;0,0048;0,0098;0,8259;0,043;0,0042;0,0001;0,0128
90170501;0,0077;0,0061;0,0012;0,0023;0,004;0,0003;0,0059;0,0005;0,0268;0,0075;0,0637;0,0025;0,0116;0,0037;0,0117;0,0025;0,013;0,0115;0,0015;0,0017;0,0027;0,8636;0,0148;0,0876;0,4266;0,0193;0,0004;0,0002;0,008;0,0004;0,0003;0,0009;0,0093;0,0006;0,0003;0,1928;0,0142;0,0267;0,0822;0,0038;0,0002;0,0011;0,001;0,0012;0,0002;0,0084;0,006;0,036;0,004;0,0006;0,0189;0,0008;0,012;0,0036;0,0098;0,7399;0,0323;0,0047;0,0002;0,0106
90170601;0,008;0,0121;0,0012;0,0031;0,0343;0,0007;0,0018;0,0002;0,0319;0,018;0,0547;0,0031;0,0109;0,0033;0,0163;0,0011;0,0127;0,0139;0,0012;0,0033;0,0017;0,7892;0,012;0,0966;0,4557;0,0406;0,0006;0,0002;0,006;0,0006;0,0002;0,0008;0,0088;0,0006;0,0003;0,2045;0,0161;0,0278;0,0256;0,0045;0,0003;0,0017;0,0015;0,0021;0,0013;0,0066;0,0078;0,0349;0,0029;0,0006;0,0239;0,0007;0,0168;0,0035;0,009;0,6601;0,0311;0,005;0,0001;0,0112
90170701;0,0078;0,0095;0,0004;0,0036;0,0339;0,0011;0,0044;0,0005;0,042;0,0141;0,0413;0,0058;0,0086;0,0028;0,0232;0,0043;0,0119;0,0126;0,0013;0,0041;0,0025;0,8595;0,0083;0,0935;0,6303;0,0236;0,0005;0,0004;0,0033;0,0004;0,0004;0,0012;0,0091;0,001;0,0004;0,1522;0,0178;0,0301;0,059;0,0034;0,001;0,0011;0,003;0,0021;0,0031;0,0062;0,0085;0,0275;0,0014;0,0013;0,0238;0,0012;0,012;0,005;0,0093;0,4075;0,0369;0,0045;0,0003;0,013
90170801;0,0068;0,0144;0,0005;0,003;0,0989;0,001;0,0043;0,0004;0,0322;0,0218;0,0478;0,0074;0,0121;0,005;0,0291;0,0036;0,0126;0,0077;0,0032;0,0055;0,0072;0,9997;0,0611;0,0572;0,4202;0,0386;0,0006;0,0003;0,0171;0,0011;0,0006;0,0014;0,012;0,0004;0,0013;0,2207;0,0194;0,0303;0,0106;0,0031;0,001;0,0017;0,0025;0,0028;0,0032;0,0094;0,0093;0,0337;0,0006;0,0015;0,0256;0,0012;0,0188;0,0055;0,01;0,7403;0,036;0,0063;0,0003;0,0121
90170901;0,0097;0,0173;0,0006;0,0036;0,0041;0,0011;0,0053;0,0005;0,0268;0,006;0,073;0,0047;0,0118;0,0032;0,0177;0,0206;0,0139;0,0088;0,0029;0,0133;0,0076;0,9942;0,0431;0,0607;0,3682;0,0382;0,0004;0,0002;0,012;0,0004;0,0001;0,0014;0,0259;0,0002;0,0014;0,2292;0,0399;0,0569;0,0109;0,0057;0,0011;0,0026;0,0035;0,0005;0,0001;0,0173;0,0099;0,0487;0,0009;0,0023;0,0238;0,0015;0,0213;0,0065;0,0149;0,7356;0,062;0,007;0,0002;0,0159
90171001;0,0091;0,0128;0,0006;0,0029;0,0046;0,0011;0,0048;0,0005;0,0311;0,0051;0,0686;0,0035;0,0121;0,0044;0,0161;0,0078;0,014;0,0096;0,0015;0,0054;0,0078;1,056;0,0489;0,0647;0,463;0,047;0,0009;0,0005;0,0105;0,0003;0,0002;0,0011;0,0217;0,0002;0,001;0,2332;0,0331;0,0543;0,0118;0,0036;0,0005;0,0022;0,0035;0,0012;0,0012;0,0161;0,0102;0,0493;0,0005;0,0013;0,0239;0,0015;0,0209;0,006;0,014;0,6407;0,055;0,0041;0,0002;0,0163
90171101;0,0084;0,0099;0,0007;0,0027;0,0075;0,0011;0,0045;0,0002;0,0303;0,0037;0,0597;0,0021;0,0111;0,0034;0,0134;0,0051;0,0124;0,007;0,0012;0,0031;0,0063;0,9508;0,0495;0,0683;0,4428;0,0432;0,0006;0,0003;0,0064;0,0006;0,0007;0,0012;0,0147;0,0003;0,0014;0,1837;0,0233;0,0393;0,0121;0,003;0,0008;0,0014;0,002;0,0005;0,0003;0,0132;0,0076;0,0487;0,0004;0,0013;0,0228;0,0015;0,0177;0,006;0,012;0,6765;0,0435;0,0052;0,0003;0,0125
90171201;0,0077;0,0078;0,0011;0,0024;0,0124;0,0011;0,0059;0,0005;0,0376;0,0043;0,0532;0,0033;0,0093;0,0018;0,0259;0,0028;0,0103;0,0147;0,0027;0,0033;0,0051;0,8607;0,0322;0,0729;0,5064;0,0472;0,0007;0,0002;0,0117;0,0001;0,0002;0,0017;0,0102;0,0006;0,0012;0,1625;0,0175;0,0283;0,011;0,0025;0,0007;0,0011;0,0018;0,0016;0,0091;0,0093;0,007;0,0407;0,0007;0,0013;0,0207;0,0017;0,0191;0,0052;0,0088;0,2377;0,0352;0,0042;0,0003;0,0124
90171301;0,0078;0,011;0,0007;0,0021;0,0109;0,0011;0,0038;0,0003;0,027;0,0072;0,0501;0,0029;0,0074;0,0039;0,0119;0,0033;0,0121;0,0092;0,0025;0,0031;0,0053;0,8539;0,0384;0,0554;0,3864;0,0427;0,0002;0,0001;0,0016;0,0005;0,0003;0,0009;0,0092;0,0001;0,0009;0,1957;0,0169;0,0273;0,0115;0,0022;0,0006;0,0015;0,003;0,0014;0,0003;0,0093;0,007;0,0346;0,0004;0,0013;0,0187;0,0015;0,0156;0,0046;0,0111;0,5211;0,0374;0,0028;0;0,0108
90180301;0,0025;0,0084;0,0019;0,0039;0,0038;0,0007;0,0043;0,0005;0,0214;0,0033;0,0501;0,0033;0,0127;0,0043;0,0195;0,0088;0,0135;0,0122;0,003;0,0046;0,0085;1,2194;0,0655;0,0496;0,4479;0,0425;0,0001;0,0001;0,0115;0,0008;0,0006;0,0015;0,0132;0,0001;0,0014;0,263;0,0229;0,0382;0,0151;0,0038;0,0008;0,0009;0,0022;0;0,0008;0,0122;0,0104;0,0342;0,0011;0,0019;0,0255;0,0017;0,023;0,008;0,013;0,9877;0,0486;0,0068;0,0003;0,013
90180401;0,0043;0,0104;0,0015;0,0029;0,0061;0,0011;0,0037;0,0005;0,0278;0,0036;0,0567;0,0016;0,0115;0,0036;0,0159;0,0064;0,0107;0,0101;0,0028;0,003;0,0077;1,1243;0,0851;0,0367;0,322;0,0366;0,0005;0,0002;0,0073;0,0005;0,0001;0,0014;0,0121;0,0005;0,0006;0,2157;0,0192;0,0289;0,0152;0,0041;0,0003;0,0011;0,002;0,0005;0,0002;0,011;0,0085;0,0397;0,0017;0,0011;0,023;0,0013;0,0205;0,0065;0,0124;0,8511;0,0487;0,0042;0,0002;0,0102
90180601;0,0067;0,0123;0,0014;0,004;0,008;0,0012;0,0042;0;0,0217;0,005;0,0537;0,0026;0,0108;0,0021;0,0178;0,0123;0,0142;0,0095;0;0,0029;0,0063;1,1996;0,0638;0,0622;0,3514;0,0329;0,0001;0,0001;0,0095;0,0004;0,0004;0,0012;0,016;0,0002;0,0014;0,2162;0,0258;0,0418;0,013;0,0045;0,0003;0,0013;0,0026;0,0004;0,001;0,0188;0,0116;0,0349;0,0004;0,0015;0,0297;0,0017;0,0285;0,0077;0,0145;0,9524;0,0529;0,0068;0;0,0135
90180701;0,0052;0,0144;0,0016;0,0037;0,0076;0,0011;0,0046;0,0005;0,0266;0,0051;0,051;0,003;0,0138;0,0049;0,0327;0,0114;0,0176;0,0177;0,0023;0,0041;0,008;1,0043;0,0623;0,0623;0,3938;0,057;0,0001;0,0002;0,0097;0,0003;0,0005;0,0017;0,0134;0,0008;0,0014;0,2177;0,023;0,0381;0,0109;0,0045;0,0008;0,0011;0,0029;0,0012;0,0004;0,0227;0,0101;0,045;0,0007;0,0013;0,026;0,002;0,0265;0,007;0,013;0,9631;0,053;0,006;0,0002;0,0142
90180801;0,0058;0,0133;0,0014;0,0045;0,0077;0,0018;0,0051;0,0005;0,0231;0,0041;0,0573;0,0023;0,0111;0,003;0,0237;0,011;0,011;0,0208;0,003;0,0041;0,0083;1,1317;0,0671;0,0571;0,4266;0,0412;0,0003;0;0,0085;0,0008;0,0005;0,0017;0,0169;0,0002;0,0014;0,2442;0,0297;0,0424;0,0124;0,0051;0,0006;0,0011;0,003;0,0015;0,0019;0,0168;0,0109;0,0352;0,0004;0,0018;0,0314;0,0018;0,0298;0,0087;0,0143;0,9531;0,0618;0,0066;0,0006;0,0159
90180901;0,0029;0,0045;0,001;0,0033;0,005;0,0011;0,003;0,0007;0,0334;0,0021;0,0649;0,0028;0,0086;0,0018;0,022;0,0036;0,0097;0,0101;0,0034;0,0034;0,006;0,6986;0,042;0,0693;0,3631;0,0502;0,0007;0,0007;0,0067;0,0004;0;0,0014;0,0157;0,0004;0,0008;0,4331;0,0287;0,0357;0,0102;0,0044;0,0004;0,0024;0,0022;0,001;0,0041;0,007;0,0109;0,0621;0,0011;0,0011;0,0227;0,0014;0,0204;0,0088;0,0157;0,5027;0,044;0,0034;0,0002;0,0147
90181101;0,0057;0,0097;0,0014;0,0039;0,0055;0,0011;0,0041;0,0005;0,0299;0,0042;0,0526;0,0032;0,0107;0,0055;0,0204;0,0089;0,0147;0,0111;0,0014;0,0003;0,0061;1,2506;0,0468;0,0617;0,3331;0,0408;0,0008;0,0005;0,009;0,0006;0,0004;0,0017;0,0111;0,0003;0,0014;0,2345;0,0205;0,0301;0,0119;0,0037;0,0005;0,0013;0,003;0,0006;0,0007;0,0123;0,0093;0,0326;0,0003;0,0018;0,0196;0,0017;0,0205;0,0072;0,0119;0,7105;0,0449;0,0043;0,0005;0,0118
90181201;0,0039;0,0118;0,0014;0,0049;0,0071;0,0011;0,0041;0,0014;0,0315;0,0046;0,0575;0,0019;0,0087;0,0037;0,0236;0,0113;0,0136;0,0087;0,0038;0,0041;0,0069;1,0378;0,0546;0,0556;0,4205;0,0274;0,0003;0,0001;0,0053;0,0003;0,0003;0,0017;0,0145;0,0006;0,0016;0,2776;0,0261;0,0318;0,016;0,0043;0,0006;0,0015;0,0042;0,0006;0,0008;0,017;0,0124;0,0369;0,0008;0,0013;0,0216;0,0019;0,0176;0,008;0,0159;0,7537;0,0512;0,007;0,0003;0,0124
90200101;0,0039;0,0091;0,0005;0,0025;0,0927;0,0011;0,0026;0,0002;0,0236;0,0127;0,0445;0,0025;0,0095;0,0045;0,0232;0,0042;0,0144;0,0031;0,0039;0,0031;0,0082;0,9864;0,089;0,0243;0,489;0,0259;0,0003;0,0002;0,0098;0,0005;0,0002;0,0013;0,0105;0,0003;0,0013;0,1973;0,0199;0,0271;0,0095;0,0028;0,0003;0,0008;0,0016;0,0011;0,002;0,008;0,0096;0,0335;0,0011;0,0013;0,0202;0,0013;0,0189;0,0049;0,0107;0,7476;0,0379;0,0053;0,0003;0,0133
90200201;0,0026;0,0045;0,0006;0,002;0,0114;0,0011;0,0027;0,0005;0,0372;0,0034;0,0464;0,0028;0,0096;0,0018;0,0232;0,005;0,0228;0,0035;0,0047;0,0047;0,006;0,9966;0,0853;0,0208;0,7048;0,0092;0,0022;0,0003;0,0077;0,0003;0,0002;0,0014;0,011;0,0005;0,0009;0,1626;0,0171;0,033;0,0072;0,0025;0,0005;0,0009;0,003;0,0005;0,0043;0,004;0,0099;0,0585;0,0023;0,0008;0,0171;0,0013;0,0135;0,0069;0,0113;0,3463;0,038;0,007;0,0001;0,0111
90200301;0,0025;0,0041;0,0008;0,002;0,0062;0,0011;0,0024;0,0005;0,0237;0,0029;0,0359;0,0047;0,0098;0,0041;0,017;0,0031;0,0202;0,0028;0,004;0,0052;0,0068;0,8679;0,0771;0,0254;0,4129;0,0217;0,0024;0;0,0085;0,0004;0,0003;0,0011;0,0088;0,0004;0,0009;0,1853;0,0152;0,0215;0,0094;0,0024;0,0006;0,001;0,0017;0,0006;0,0013;0,0058;0,0095;0,0485;0,0013;0,0015;0,0142;0,0012;0,0171;0,0052;0,0112;0,9544;0,0363;0,0088;0,0001;0,0125
90200401;0,0025;0,0068;0,0006;0,0018;0,0113;0,0011;0,002;0,0003;0,0238;0,0032;0,0565;0,0045;0,01;0,0027;0,0207;0,0038;0,0201;0,0059;0,0026;0,0041;0,0067;0,8091;0,0555;0,0482;0,4181;0,026;0,0008;0,0018;0,0066;0,0003;0,0002;0,0011;0,0123;0,0001;0,001;0,2309;0,0207;0,0301;0,008;0,0034;0,0011;0,0009;0,0024;0,0009;0,0012;0,0091;0,0084;0,0306;0,002;0,0018;0,0135;0,0015;0,0176;0,0045;0,0124;1,2384;0,0415;0,0075;0,0018;0,0149
90210101;0,0055;0,0053;0,0008;0,0033;0,003;0,0011;0,0036;0,0005;0,0342;0,0033;0,0756;0,0034;0,0104;0,0026;0,0185;0,0091;0,0101;0,0111;0,0032;0,0041;0,0034;0,7706;0,0075;0,0789;0,4885;0,0256;0,0016;0,0008;0,0069;0,001;0,0002;0,001;0,0129;0,0007;0,0002;0,2114;0,0219;0,0371;0,0253;0,0062;0,0005;0,001;0,0032;0,0009;0,0052;0,0121;0,011;0,0499;0,0017;0,0007;0,0193;0,0008;0,022;0,01;0,017;0,5123;0,0463;0,0065;0,0004;0,0172
90210201;0,0048;0,0091;0,0008;0,0044;0,0065;0,0011;0,0045;0,0002;0,0319;0,006;0,063;0,0026;0,0114;0,0036;0,0268;0,0094;0,0131;0,0111;0,0017;0,0035;0,0033;0,9758;0,0152;0,0862;0,3506;0,0142;0,0013;0,0002;0,0076;0,0001;0,0002;0,001;0,0192;0,0005;0,0004;0,1019;0,0296;0,0357;0,0366;0,0078;0,0005;0,0013;0,0028;0,0011;0,0007;0,0096;0,0113;0,0538;0,0017;0,0007;0,0228;0,001;0,0262;0,0074;0,0174;0,6268;0,0506;0,0055;0,0002;0,0188
90210301;0,0046;0,0042;0,0006;0,0038;0,0026;0,0011;0,0035;0,0002;0,0269;0,0029;0,0776;0,0025;0,0157;0,0044;0,0213;0,0094;0,0143;0,0054;0,0045;0,0014;0,0037;0,9084;0,0107;0,0888;0,4369;0,0201;0,0008;0,0003;0,0075;0,0003;0,0004;0,0009;0,0131;0,0005;0,0002;0,0931;0,0219;0,0311;0,0475;0,0069;0,0007;0,001;0,0026;0,0013;0,0003;0,0113;0,0108;0,0431;0,0024;0,0008;0,0214;0,0009;0,0261;0,0081;0,0186;0,8612;0,0449;0,0092;0,0003;0,0188
90210401;0,0057;0,0043;0,0011;0,0038;0,0012;0,0011;0,003;0,0001;0,0281;0,0025;0,0955;0,0058;0,0144;0,006;0,0274;0,0091;0,0158;0,0092;0,0052;0,0026;0,002;0,7635;0,0055;0,0975;0,4413;0,0431;0,0005;0,0003;0,0067;0,0002;0;0,0007;0,0092;0,0006;0,0003;0,1363;0,0191;0,0344;0,0391;0,0056;0,0008;0,0006;0,0021;0,0002;0,0007;0,0079;0,0086;0,0504;0,0018;0,0013;0,0193;0,0011;0,0268;0,0092;0,0183;0,8205;0,0397;0,0092;0,0002;0,0175
90210501;0,0069;0,005;0,0014;0,0044;0,0024;0,0011;0,0039;0,0003;0,0285;0,003;0,1094;0,0025;0,0183;0,0054;0,0352;0,0143;0,0153;0,0158;0;0,0012;0,0031;0,8726;0,0086;0,1039;0,393;0,0251;0,0005;0,0005;0,0085;0,0008;0,0004;0,0009;0,0146;0,0005;0,0002;0,168;0,0257;0,0433;0,0577;0,0087;0,0008;0,0011;0,0028;0,001;0,0009;0,0112;0,0127;0,0606;0,0017;0,001;0,0231;0,0009;0,0328;0,0084;0,0208;0,7697;0,0461;0,0086;0,0003;0,0181
90210601;0,0048;0,0103;0,0011;0,0053;0,0069;0,0011;0,0044;0,0003;0,0308;0,0061;0,117;0,0024;0,0133;0,0042;0,0355;0,0109;0,0158;0,0111;0,0031;0,0095;0,0011;1,6296;0,0063;0,094;0,476;0,0158;0,0006;0,0001;0,0072;0,0003;0,0005;0,0011;0,0165;0,0006;0,0003;0,4515;0,0295;0,0343;0,032;0,0091;0,0004;0,0011;0,0054;0,0016;0,0002;0,0106;0,0132;0,0581;0,0017;0,0005;0,0268;0,0007;0,0308;0,0086;0,0218;0,8539;0,0526;0,0082;0,0003;0,0197
90210701;0,0059;0,0072;0,0009;0,0042;0,0027;0,0011;0,0038;0,0005;0,038;0,0035;0,0957;0,0058;0,0169;0,0018;0,0286;0,0238;0,0109;0,0111;0,0038;0,0041;0,0017;0,8811;0,0078;0,0848;0,6141;0,0092;0,0009;0,0002;0,0115;0,0003;0,0005;0,0015;0,0149;0,0006;0,0003;0,2455;0,0266;0,0374;0,0245;0,0085;0,001;0,0017;0,0043;0,0018;0,0121;0,0102;0,0138;0,0441;0,0017;0,0013;0,0193;0,0012;0,0444;0,0092;0,0186;0,6635;0,0497;0,0157;0,0007;0,02
90210801;0,0059;0,0075;0,0014;0,0042;0,0047;0,0011;0,0049;0,0005;0,0284;0,0061;0,0928;0,0058;0,0119;0,0038;0,0351;0,0139;0,0141;0,0111;0,0038;0,0124;0,0096;0,9567;0,0298;0,0717;0,3218;0,0372;0,0006;0,0006;0,0055;0,0005;0,0005;0,001;0,018;0,0028;0,001;0,2337;0,0272;0,0352;0,0201;0,0062;0,001;0,0011;0,0033;0,0008;0,0017;0,0083;0,0116;0,0577;0,0029;0,002;0,0251;0,0015;0,0276;0,0082;0,0189;0,6505;0,0476;0,0093;0,0001;0,02
90210901;0,0025;0,0051;0,0008;0,0031;0,003;0,0011;0,0031;0,0002;0,0233;0,0038;0,0803;0,004;0,0116;0,0026;0,0287;0,0105;0,0139;0,0111;0,0013;0,0056;0,0078;0,7532;0,0326;0,0545;0,4368;0,0252;0,0011;0,0012;0,0072;0,0003;0,0005;0,0007;0,0124;0,0016;0,0006;0,1328;0,0206;0,0295;0,0136;0,0046;0,001;0,0011;0,0024;0,0004;0,0015;0,0095;0,0095;0,0444;0,0018;0,0013;0,0201;0,0009;0,0231;0,0068;0,0122;0,7419;0,0389;0,0086;0,0009;0,0159
90211201;0,0065;0,0063;0,0014;0,0032;0,0082;0,0011;0,0034;0,0005;0,0395;0,0019;0,0761;0,0058;0,0109;0,0018;0,0271;0,0105;0,0147;0,0111;0,0021;0,0041;0,0053;0,9722;0,0184;0,0727;0,7974;0,0406;0,0009;0,0003;0,0083;0,0007;0,0004;0,0016;0,0117;0,0005;0,0011;0,1897;0,0225;0,0345;0,02;0,0047;0,001;0,0013;0,0034;0,0017;0,0121;0,0088;0,0123;0,0432;0,0026;0,0013;0,036;0,0016;0,0311;0,0081;0,0161;0,4677;0,0458;0,0118;0,0002;0,0169
90211301;0,0026;0,0044;0,0014;0,0025;0,0033;0,0011;0,0028;0,0005;0,0287;0,0017;0,0706;0,0023;0,0136;0,0018;0,0348;0,0017;0,0134;0,0054;0,0019;0,0046;0,0056;1,0316;0,056;0,0493;0,5465;0,0362;0,0007;0,0002;0,0083;0,0009;0,0003;0,0013;0,0118;0,0006;0,001;0,2776;0,0195;0,0253;0,011;0,0035;0,0005;0,0018;0,0023;0,0008;0,0028;0,0075;0,0096;0,0517;0,0035;0,0011;0,0126;0,0019;0,0176;0,0065;0,0142;0,273;0,0392;0,0033;0,0003;0,0132
90211401;0,0056;0,0131;0,0007;0,0031;0,0405;0,0011;0,0033;0,0002;0,0248;0,0095;0,0501;0,0033;0,0097;0,0031;0,0189;0,0148;0,0137;0,0111;0,0015;0,0041;0,0054;0,8763;0,0302;0,0586;0,3647;0,0172;0;0,0002;0,0018;0,0006;0,0006;0,0013;0,0146;0,0003;0,0014;0,1265;0,0235;0,0312;0,0127;0,004;0,0007;0,0011;0,0035;0,0019;0,0025;0,0078;0,0098;0,0269;0,001;0,0013;0,0197;0,0017;0,0215;0,0072;0,0128;0,6231;0,0423;0,007;0,0001;0,0149
90211501;0,0044;0,0065;0,0014;0,0025;0,0131;0,0011;0,0031;0,0005;0,0284;0,0039;0,0611;0,0047;0,0097;0,0026;0,0207;0,0099;0,0111;0,0098;0,0003;0,0032;0,0053;0,8251;0,0174;0,0641;0,3803;0,0217;0,0005;0,0004;0,0052;0,0008;0,0004;0,001;0,0102;0,0002;0,0008;0,1521;0,0189;0,0297;0,0199;0,0041;0,0007;0,0012;0,0031;0,0007;0,0007;0,0085;0,0092;0,0355;0,0017;0,0019;0,02;0,0015;0,0207;0,0078;0,015;0,6184;0,0412;0,009;0,0005;0,0139
90211601;0,0025;0,0036;0,0005;0,0017;0,001;0,0011;0,0017;0,0002;0,0173;0,0006;0,0444;0,004;0,0065;0,0016;0,0101;0,0053;0,0061;0,0046;0,0006;0,002;0,0032;0,4773;0,016;0,0384;0,1731;0,0152;0,0009;0,0005;0,0036;0,0004;0,0001;0,0006;0,0074;0,0002;0,0005;0,1013;0,0118;0,011;0,0069;0,0024;0,0007;0,0011;0,0019;0;0;0,0053;0,0064;0,019;0,0007;0,0013;0,0079;0,0009;0,0138;0,0043;0,009;0,2752;0,0233;0,0033;0;0,0091
90211701;0,0058;0,005;0,0012;0,0027;0,0021;0,0011;0,0032;0,0002;0,0212;0,0013;0,0807;0,0032;0,0112;0,0023;0,0206;0,0092;0,0099;0,0121;0,0026;0,0038;0,0065;0,8522;0,0204;0,0651;0,4207;0,0268;0,0006;0,0002;0,007;0,0005;0,0004;0,0011;0,0113;0,0003;0,0009;0,1083;0,0183;0,0315;0,0161;0,0056;0,0004;0,0006;0,0028;0,0008;0,0004;0,0091;0,0094;0,0375;0,002;0,0018;0,0229;0,0014;0,0353;0,0089;0,0192;0,6142;0,0399;0,007;0,0002;0,0134
90220101;0,0025;0,009;0,001;0,0026;0,011;0,0011;0,0036;0,012;0,0338;0,004;0,0679;0,0023;0,0073;0,0041;0,0264;0,0033;0,0162;0,0055;0,0144;0,0031;0,0071;1,8036;0,0893;0,0195;0,4266;0,0288;0,0002;0,0001;0,0034;0,0002;0,0004;0,0013;0,0113;0,0002;0,0012;0,3559;0,0171;0,0253;0,0083;0,0028;0,0006;0,0009;0,0022;0,003;0,0011;0,009;0,01;0,0321;0,0008;0,0013;0,0138;0,0015;0,0146;0,0063;0,0085;0,5998;0,0421;0,0106;0,0004;0,0118
90220201;0,003;0,0081;0,0011;0,0034;0,0143;0,0011;0,004;0,0117;0,0281;0,0035;0,0904;0,0014;0,009;0,0018;0,0258;0,0037;0,0211;0,0036;0,0015;0,0111;0,0038;2,571;0,0897;0,0278;0,2617;0,0316;0,0005;0,0003;0,0071;0,0012;0,0003;0,0012;0,0168;0,0002;0,0012;0,5193;0,0275;0,0322;0,0073;0,0024;0,0006;0,0021;0,003;0,0018;0,0005;0,0157;0,012;0,0552;0,0013;0,0009;0,0221;0,0012;0,0225;0,0057;0,0127;0,9129;0,0535;0,0081;0,0009;0,014
90220301;0,0031;0,0078;0,0011;0,0024;0,0132;0,0011;0,0034;0,0109;0,0323;0,0042;0,0624;0,0018;0,0076;0,0027;0,0198;0,0047;0,0213;0,0043;0,0066;0,0015;0,0053;0,9927;0,0756;0,0325;0,4411;0,0311;0,0004;0,0009;0,0061;0,0008;0,0006;0,0011;0,0154;0,0002;0,0011;0,276;0,0223;0,0327;0,0126;0,0031;0,0003;0,0014;0,0024;0,0023;0,0006;0,008;0,0099;0,0376;0,0006;0,0012;0,0181;0,0014;0,0141;0,0065;0,011;0,7869;0,0444;0,0096;0,0005;0,0124
90220501;0,0035;0,0076;0,0011;0,0033;0,0159;0,0011;0,0042;0,0063;0,0463;0,0031;0,1252;0,0023;0,0096;0,0018;0,0445;0,0024;0,0194;0,0111;0,0012;0,0125;0,0042;2,4848;0,074;0,0724;0,5818;0,0439;0,0013;0,0015;0,0046;0,0007;0,0002;0,0019;0,0139;0,0005;0,0011;0,6066;0,0237;0,0393;0,012;0,0036;0,0003;0,0028;0,0034;0,0026;0,0015;0,013;0,0125;0,058;0,0017;0,0011;0,031;0,0023;0,0156;0,0085;0,0117;0,4327;0,0486;0,0103;0,0005;0,0161
90220801;0,0044;0,0099;0,001;0,0029;0,0129;0,0011;0,0039;0,0158;0,0257;0,0034;0,0859;0,0009;0,0077;0,0018;0,0259;0,0036;0,0217;0,0106;0,0749;0,0041;0,0044;1,4859;0,0598;0,0559;0,3793;0,0319;0,0005;0,0003;0,0044;0,0006;0,0005;0,0013;0,0209;0,0003;0,0014;0,325;0,0287;0,0362;0,0095;0,0035;0,0007;0,0011;0,004;0,0014;0,0021;0,0121;0,0105;0,0457;0,0012;0,0011;0,0202;0,0016;0,025;0,0063;0,0124;1,0819;0,0598;0,0119;0,0002;0,0167
90230101;0,0025;0,0082;0,0003;0,0037;0,0256;0,0011;0,0036;0,0035;0,0209;0,0071;0,0483;0,0033;0,0082;0,0048;0,0271;0,0101;0,0139;0,007;0,0022;0,0027;0,0085;1,029;0,0496;0,0476;0,4704;0,0295;0,0013;0,0001;0,0103;0,0008;0,0003;0,0008;0,0116;0,0002;0,0007;0,2536;0,022;0,0317;0,0089;0,0038;0,0004;0,0009;0,0027;0,0017;0,0016;0,011;0,0079;0,0263;0,0017;0,0011;0,015;0,0015;0,0161;0,006;0,011;0,5661;0,0478;0,0038;0,0003;0,0122
90230201;0,0029;0,0068;0,0006;0,0044;0,012;0,0011;0,0038;0,0078;0,0204;0,0038;0,0532;0,0049;0,0079;0,0018;0,0234;0,0144;0,0124;0,0092;0,0042;0,0046;0,0092;1,2936;0,0415;0,0468;0,433;0,0379;0,0007;0,0009;0,0135;0,0006;0,0002;0,0008;0,0154;0,0002;0,0008;0,265;0,0253;0,0365;0,0105;0,0037;0,0008;0,001;0,0028;0,0014;0,0022;0,0096;0,0113;0,0296;0,0013;0,0013;0,0193;0,0018;0,0201;0,0075;0,0151;0,5847;0,056;0,0063;0;0,0114
90230301;0,0039;0,0079;0,0006;0,0039;0,0079;0,0011;0,0039;0,007;0,0328;0,0036;0,0537;0,0032;0,0095;0,0018;0,0258;0,017;0,0112;0,0139;0,004;0,0057;0,0049;1,063;0,0395;0,0487;0,6856;0,0215;0,0005;0,0001;0,0099;0,0005;0,0002;0,0015;0,0123;0,0005;0,0009;0,2776;0,022;0,0294;0,0108;0,003;0,0003;0,0012;0,0028;0,0016;0,0038;0,0133;0,0092;0,0336;0,0017;0,0013;0,0215;0,0018;0,0119;0,0078;0,0109;0,576;0,0468;0,0098;0,0004;0,0114
90230401;0,0025;0,0043;0,0008;0,002;0,0021;0,0011;0,002;0,0002;0,0193;0,0017;0,0567;0,0039;0,0104;0,0018;0,0278;0,0029;0,0129;0,0201;0,0032;0,0029;0,0056;0,7077;0,0616;0,0461;0,3906;0,0257;0;0,0015;0,006;0,0006;0,0004;0,0011;0,009;0,0002;0,0012;0,1673;0,0173;0,0256;0,0144;0,0022;0,0004;0,0009;0,0012;0,0003;0,0006;0,0094;0,0089;0,0325;0,0013;0,0012;0,0204;0,0018;0,0214;0,0061;0,0128;0,4279;0,0375;0,0037;0,0003;0,0126
90230501;0,0027;0,005;0,0006;0,0049;0,0065;0,0011;0,0038;0,0002;0,0274;0,0023;0,0718;0,0042;0,0099;0,0055;0,0289;0,0132;0,0135;0,0111;0,0012;0,0048;0,0063;1,1444;0,0273;0,0723;0,4921;0,0329;0,0007;0,0005;0,0115;0,0005;0,0007;0,001;0,0165;0,0003;0,0013;0,2135;0,0328;0,0402;0,0144;0,0043;0,001;0,0012;0,0031;0,0009;0,0019;0,0134;0,0118;0,0417;0,0012;0,0019;0,021;0,0017;0,0218;0,0089;0,0167;0,5989;0,0621;0,0075;0,0006;0,0149
90230601;0,0028;0,008;0,0004;0,004;0,0083;0,0011;0,0036;0,0068;0,0206;0,003;0,0547;0,0058;0,0099;0,004;0,0229;0,0083;0,0102;0,0104;0,0011;0,0023;0,0046;1,1459;0,0225;0,0706;0,4266;0,0248;0,0005;0,0003;0,003;0,0005;0,0002;0,0008;0,012;0,0002;0,0009;0,2731;0,0213;0,0282;0,013;0,0023;0,001;0,001;0,0022;0,0016;0,0009;0,0094;0,0087;0,0246;0,0014;0,0013;0,0166;0,0013;0,0164;0,0048;0,0111;0,5094;0,0413;0,0058;0,0001;0,0111
90230701;0,0035;0,0109;0,0015;0,0043;0,0086;0,0011;0,0055;0,0048;0,0314;0,003;0,0696;0,0024;0,0097;0,0039;0,0306;0,0141;0,0134;0,0131;0,0022;0,0019;0,0064;1,1978;0,039;0,0705;0,412;0,0344;0,0005;0,0003;0,005;0,0001;0,0005;0,0015;0,0147;0,0006;0,0014;0,4378;0,0239;0,0338;0,0122;0,0022;0,0005;0,0039;0,0023;0,0014;0,001;0,0139;0,0098;0,0371;0,0017;0,0013;0,0145;0,0018;0,0167;0,0055;0,0125;0,6032;0,0487;0,0052;0,0001;0,0125
90230801;0,0045;0,0099;0,0015;0,0039;0,0113;0,0011;0,0044;0,0082;0,0303;0,0045;0,0669;0,0045;0,0116;0,0046;0,026;0,0126;0,012;0,0083;0,0029;0,0041;0,0053;1,131;0,028;0,0697;0,3678;0,0279;0;0,0003;0,0061;0,0005;0,0006;0,001;0,0126;0,0006;0,0012;0,4148;0,0224;0,0287;0,0135;0,0025;0,0007;0,0011;0,0016;0,0016;0,0018;0,0074;0,0091;0,0278;0,0011;0,0013;0,0164;0,0016;0,0107;0,0044;0,0094;0,6677;0,0451;0,0098;0;0,0114
90250101;0,0023;0,0139;0,0012;0,0033;0,0117;0,0011;0,0033;0,0003;0,1812;0,0018;0,0245;0,0029;0,0063;0,0024;0,0191;0,0085;0,0076;0,0118;0,0037;0,0041;0,0091;1,0068;0,0711;0,0492;0,4686;0,0246;0,0006;0,0003;0,004;0,0006;0,0007;0,0009;0,0133;0,0006;0,0009;0,2692;0,0219;0,0232;0,0344;0,0023;0,0004;0,0007;0,0016;0,0001;0,0012;0,0107;0,0143;0,0375;0,0077;0,0013;0,0142;0,0014;0,015;0,0069;0,0124;0,7314;0,0368;0,0054;0,0005;0,0101
90250201;0,0047;0,0137;0,0024;0,0033;0,0246;0,0011;0,0054;0,0005;0,0348;0,0063;0,0271;0,005;0,0072;0,0038;0,0177;0,0188;0,0099;0,0095;0,0036;0,0041;0,0086;0,847;0,0575;0,0431;0,4284;0,0307;0,0002;0,0006;0,0067;0,0004;0,0004;0,0011;0,022;0,0003;0,0014;0,0921;0,032;0,0434;0,0068;0,0044;0,0009;0,0011;0,0023;0,0007;0,002;0,0098;0,0132;0,0315;0,0015;0,002;0,0223;0,0014;0,0255;0,0085;0,0147;0,6644;0,0502;0,0043;0;0,0137
90250301;0,0029;0,0107;0,0011;0,003;0,0054;0,0011;0,0032;0,0005;0,0513;0,003;0,0378;0,0035;0,0081;0,0036;0,0218;0,0112;0,009;0,0106;0,0015;0,0041;0,0053;1,0364;0,0708;0,0559;0,2778;0,0277;0,0002;0,0005;0,0072;0,0008;0,0005;0,0011;0,0145;0,0003;0,0007;0,2571;0,0222;0,0274;0,0231;0,0033;0,0007;0,0011;0,0016;0,0004;0,0019;0,0098;0,0149;0,0467;0,0056;0,0012;0,0193;0,0015;0,0188;0,0075;0,0124;0,6714;0,0391;0,0047;0,0005;0,0121
90250501;0,0025;0,0067;0,001;0,003;0,0386;0,0011;0,003;0,0005;0,0249;0,0064;0,0392;0;0,0109;0,0029;0,0239;0,0075;0,0088;0,0105;0,0018;0,003;0,0056;1,0091;0,0479;0,0569;0,444;0,0333;0,0001;0,0008;0,0078;0,0007;0,0003;0,0013;0,0083;0,0002;0,001;0,1681;0,0163;0,0252;0,0125;0,0025;0,0009;0,001;0,0014;0,0015;0,0021;0,0087;0,0124;0,0236;0,0006;0,0013;0,0222;0,0014;0,0227;0,0067;0,0117;0,8014;0,0318;0,0036;0,0006;0,0129
90250601;0,0034;0,0058;0,0017;0,0025;0,024;0,0011;0,0033;0,0002;0,0265;0,0044;0,035;0,0025;0,0085;0,0031;0,0181;0,0074;0,0078;0,008;0,0002;0,0014;0,0056;0,7794;0,0307;0,0608;0,3016;0,0285;0,0003;0,0002;0,004;0,0004;0,0007;0,0011;0,0074;0,0004;0,0009;0,127;0,0125;0,0273;0,01;0,0028;0,0003;0,0021;0,0012;0,0009;0,0009;0,0073;0,0124;0,0264;0,0006;0,0013;0,0172;0,0013;0,0176;0,0056;0,0106;0,6546;0,0294;0,003;0,0002;0,0119
90250701;0,0037;0,0092;0,0011;0,0028;0,0382;0,0011;0,0028;0,0005;0,0205;0,005;0,03;0,0058;0,0086;0,0018;0,023;0,0081;0,0091;0,0111;0,0007;0,0032;0,0063;0,8917;0,0563;0,0438;0,4337;0,036;0,0003;0,0005;0,0111;0,0005;0,0005;0,0012;0,0082;0,0002;0,0011;0,116;0,0146;0,0277;0,0079;0,0024;0,001;0,0008;0,0014;0,0007;0,0018;0,0075;0,0098;0,0269;0,0004;0,0013;0,0195;0,0014;0,02;0,0061;0,0116;0,6979;0,0324;0,0042;0,0001;0,0119
90260101;0,0025;0,0061;0,0006;0,0027;0,0078;0,0011;0,0029;0,008;0,0333;0,0018;0,0565;0,0054;0,0111;0,0018;0,0357;0,0038;0,0123;0,0139;0,0052;0,0041;0,0075;1,1974;0,0735;0,0342;0,3882;0,0323;0,0016;0,0004;0,0145;0,0008;0,0003;0,0013;0,0098;0,0001;0,0008;0,2381;0,0201;0,0261;0,0113;0,0037;0,0012;0,001;0,0017;0,0016;0,0006;0,0095;0,0101;0,029;0,0008;0,0018;0,0207;0,0016;0,0154;0,008;0,0141;0,7006;0,0392;0,0073;0,0002;0,0124
90260201;0,0033;0,009;0,0009;0,0028;0,0113;0,0011;0,0032;0,0002;0,0364;0,0024;0,0367;0,003;0,009;0,0018;0,027;0,0056;0,0105;0,0068;0,0036;0,0021;0,0045;0,9871;0,0528;0,0339;0,6236;0,0092;0,0007;0,0003;0,0056;0,0002;0,0001;0,0016;0,0106;0,0006;0,0006;0,1489;0,018;0,0266;0,0108;0,0009;0,0001;0,0011;0,0024;0,0018;0,0049;0,0024;0,0071;0,0168;0,0009;0,0007;0,0121;0,0013;0,0157;0,0072;0,0095;0,1675;0,038;0,0019;0;0,0088
90260301;0,002;0,0056;0,001;0,0023;0,0448;0,0011;0,003;0,0002;0,0221;0,0068;0,0496;0,0024;0,0087;0,0021;0,0328;0,0032;0,0115;0,0122;0,006;0,0027;0,0063;0,9659;0,0608;0,0418;0,395;0,031;0,0009;0,0003;0,0073;0,0016;0,001;0,001;0,0106;0,0002;0,0006;0,2604;0,0167;0,0204;0,0114;0,0024;0,0007;0,0013;0,0014;0,0015;0,0007;0,0075;0,0093;0,0268;0,0003;0,0013;0,018;0,0015;0,0109;0,005;0,0101;0,4957;0,0351;0,0052;0,0003;0,0107
90260401;0,0025;0,0045;0,0006;0,0022;0,0081;0,0011;0,0029;0,0003;0,0264;0,0036;0,0476;0,0058;0,0092;0,0023;0,0215;0,0039;0,0111;0,018;0,0061;0,0041;0,0069;0,8791;0,0684;0,0271;0,3922;0,0316;0,0015;0,0003;0,005;0,0006;0,0004;0,0012;0,0105;0,0003;0,0006;0,1747;0,0179;0,0215;0,0142;0,0034;0,001;0,0009;0,0015;0,0012;0,001;0,008;0,0087;0,0262;0,0004;0,0013;0,0187;0,001;0,0122;0,0062;0,01;0,5308;0,0372;0,007;0,0003;0,0106
90260501;0,0027;0,0066;0,0005;0,0024;0,0213;0,001;0,0027;0,0005;0,0359;0,0036;0,0439;0,0045;0,0076;0,0018;0,033;0,0042;0,0102;0,0111;0,0059;0,0041;0,0037;0,9806;0,0445;0,0506;0,5211;0,0245;0,0011;0,0007;0,0053;0,0008;0,0004;0,0014;0,0111;0,0004;0,0011;0,1253;0,0191;0,0215;0,0094;0,0028;0,001;0,0011;0,0016;0,0021;0,0059;0,0084;0,0128;0,0292;0,001;0,0013;0,015;0,0013;0,015;0,0079;0,0118;0,4019;0,0376;0,0043;0,0012;0,0109
90260601;0,0025;0,0077;0,0009;0,0023;0,0089;0,0011;0,0025;0,0003;0,0282;0,0023;0,0501;0,0042;0,0098;0,0028;0,024;0,0048;0,0124;0,012;0,0037;0,0033;0,0037;1,0299;0,0397;0,0651;0,3254;0,031;0,0009;0,0002;0,0037;0,0005;0,0006;0,0014;0,0095;0,0004;0,0012;0,1584;0,0189;0,0263;0,0226;0,0026;0,0006;0,0007;0,0014;0,0018;0,0007;0,0096;0,0094;0,0201;0,0005;0,0011;0,015;0,0014;0,0136;0,0057;0,0117;0,6504;0,0422;0,0057;0;0,0133
90270101;0,002;0,0049;0,001;0,0028;0,0039;0,0011;0,0026;0,0126;0,027;0,0027;0,0498;0,003;0,0058;0,0018;0,0197;0,0052;0,0108;0,0071;0,0025;0,0041;0,0083;0,9395;0,0896;0,0291;0,2928;0,0378;0,0003;0,0019;0,0084;0,0009;0,0004;0,0009;0,0108;0,0002;0,0006;0,232;0,0186;0,0257;0,0097;0,0036;0,0004;0,0008;0,0014;0,0006;0,0011;0,0118;0,0101;0,0577;0,001;0,0013;0,0275;0,0015;0,0142;0,0064;0,0136;0,6009;0,0358;0,0051;0,0006;0,0143
90270301;0,0023;0,0042;0,0008;0,0018;0,0108;0,0011;0,0021;0,0004;0,0365;0,0029;0,0381;0,0021;0,0068;0,0066;0,031;0,0045;0,0083;0,0086;0,0039;0,0045;0,0045;0,763;0,0341;0,0704;0,622;0,054;0,0012;0,0005;0,0063;0,0003;0,0003;0,0015;0,0069;0,0006;0,0009;0,15;0,0125;0,0234;0,0509;0,0022;0,0007;0,0006;0,0014;0,0008;0,0033;0,0075;0,0087;0,0392;0,006;0,0007;0,0236;0,0015;0,015;0,0055;0,0109;0,2212;0,025;0,0037;0,0002;0,0117
90280101;0,0048;0,0063;0,0004;0,002;0,0046;0,0011;0,0025;0,008;0,0328;0,0021;0,0544;0,0029;0,009;0,0038;0,0218;0,0133;0,0108;0,0085;0,0026;0,0041;0,0059;0,9856;0,0645;0,0298;0,5825;0,0302;0,0006;0,0002;0,0056;0,0005;0,0008;0,0014;0,01;0,0005;0,0007;0,1791;0,0169;0,0243;0,0093;0,0035;0,0029;0,0011;0,0025;0,001;0,0047;0,0086;0,0101;0,0447;0,0013;0,0015;0,0195;0,0014;0,0176;0,0086;0,0109;0,8444;0,0421;0,0057;0,0004;0,0131
90280201;0,0039;0,0086;0,0001;0,002;0,0832;0,0011;0,0026;0,0017;0,0366;0,0092;0,0387;0,0018;0,0075;0,0029;0,0227;0,0107;0,0104;0,0147;0,0749;0,0029;0,0085;0,938;0,0518;0,0479;0,4266;0,0201;0,0004;0,0001;0,0034;0,0006;0,0006;0,0015;0,0085;0,0001;0,0011;0,1478;0,0154;0,0223;0,0144;0,0015;0,0004;0,0006;0,0015;0,0017;0,0013;0,007;0,0078;0,0264;0,0003;0,0013;0,0209;0,0008;0,0116;0,005;0,0088;0,7698;0,0307;0,0066;0,0002;0,0104
90300101;0,004;0,0104;0,0004;0,0031;0,0439;0,0011;0,0027;0,0071;0,0307;0,0058;0,0436;0,0022;0,0078;0,0035;0,0203;0,0026;0,0109;0,0044;0,0012;0,0041;0,0072;1,0252;0,0427;0,047;0,6192;0,0159;0,0002;0,0001;0,0048;0,0005;0,0003;0,0012;0,0076;0,0005;0,0006;0,4486;0,0157;0,0211;0,0083;0,0026;0,0004;0,0008;0,0019;0,0024;0,0044;0,0087;0,0078;0,0238;0,001;0,0009;0,0176;0,0019;0,0159;0,0054;0,0082;0,5726;0,0299;0,0032;0,0001;0,011
90300201;0,0047;0,0066;0,0006;0,0028;0,0033;0,0011;0,003;0,0005;0,0257;0,0037;0,0665;0,0027;0,0125;0,0037;0,0186;0,0114;0,017;0,0084;0,0033;0,0041;0,0064;0,7217;0,0663;0,0419;0,4058;0,0223;0,0002;0,0004;0,0086;0,0019;0,0005;0,001;0,0143;0,0003;0,0006;0,2021;0,0243;0,0344;0,0118;0,0047;0,0005;0,0006;0,0026;0,0008;0,0016;0,0155;0,0096;0,0615;0,0011;0,0013;0,027;0,0014;0,0232;0,0075;0,0147;1,3423;0,0486;0,0101;0,0006;0,0137
90300301;0,0054;0,0061;0,0004;0,0026;0,0051;0,0011;0,0027;0,018;0,0309;0,0029;0,0573;0,0052;0,0063;0,0018;0,0119;0,0049;0,0131;0,0079;0,0021;0,0053;0,0033;0,9879;0,0383;0,0594;0,5392;0,0092;0,0006;0;0,0078;0,0006;0,0003;0,0016;0,0149;0,0003;0,0012;0,1547;0,0261;0,0354;0,01;0,0049;0,0008;0,0012;0,0037;0,0006;0,0019;0,0142;0,0103;0,0719;0,0017;0,0012;0,0247;0,0016;0,0219;0,0106;0,0191;0,8433;0,0584;0,0035;0;0,0136
90310101;0,0043;0,0076;0,0013;0,0028;0,0343;0,0011;0,0023;0,0005;0,029;0,0094;0,043;0,0048;0,0115;0,0037;0,0179;0,0119;0,0098;0,0117;0,0013;0,0033;0,008;0,9902;0,0505;0,0411;0,3979;0,0354;0,0002;0;0,0135;0,0008;0,0003;0,0012;0,0071;0,0003;0,0008;0,2155;0,0135;0,0282;0,0082;0,0037;0,0009;0,0008;0,0018;0,001;0,0009;0,0072;0,0077;0,0219;0,0013;0,0013;0,0193;0,0016;0,0167;0,0056;0,0086;0,6033;0,0287;0,0074;0,0003;0,0125
90310201;0,0033;0,0078;0,0012;0,0033;0,0698;0,0011;0,0029;0,0005;0,0262;0,0107;0,048;0,0031;0,011;0,0023;0,0212;0,0105;0,0105;0,0111;0,0019;0,0031;0,0064;0,9204;0,0606;0,0417;0,3695;0,0361;0,0006;0,0002;0,0091;0,0005;0,0002;0,0017;0,0098;0,0002;0,0014;0,1952;0,0181;0,0302;0,0144;0,0035;0,0006;0,0011;0,0019;0,0021;0,0007;0,0073;0,0081;0,0301;0,0014;0,0013;0,0208;0,0013;0,0176;0,0053;0,0075;0,5798;0,0341;0,007;0,0001;0,0151
90310301;0,0047;0,0124;0,0018;0,0027;0,126;0,0011;0,0035;0,0003;0,0389;0,0195;0,0468;0,003;0,0101;0,0037;0,0136;0,0178;0,0115;0,0049;0,0027;0,0041;0,0071;1,0149;0,039;0,0658;0,3873;0,0295;0,0005;0,0005;0,0071;0,0007;0,0006;0,0017;0,013;0,0005;0,0014;0,223;0,0232;0,0338;0,0257;0,0048;0,0006;0,0011;0,0035;0,0022;0,0022;0,0075;0,0104;0,0393;0,006;0,0013;0,0219;0,0012;0,0239;0,0056;0,0094;0,6232;0,0481;0,0086;0,0004;0,0157
90310401;0,004;0,0107;0,0021;0,0033;0,0419;0,0011;0,003;0,0003;0,0297;0,0095;0,0432;0,0017;0,0114;0,0046;0,0226;0,0156;0,0123;0,0111;0,0024;0,0041;0,0036;1,4009;0,0341;0,069;0,424;0,0364;0,0002;0,0002;0,0047;0,0007;0,0002;0,0017;0,006;0,0005;0,0012;0,2552;0,0122;0,0256;0,0138;0,0028;0,0005;0,0011;0,0018;0,003;0,0013;0,0058;0,0074;0,0287;0,0024;0,0009;0,0217;0,0017;0,0191;0,0054;0,0104;0,5285;0,0292;0,0122;0,0001;0,0132
90310501;0,0031;0,006;0,0006;0,002;0,0645;0,0011;0,0024;0,0006;0,0363;0,0062;0,0401;0,0058;0,0113;0,0018;0,0223;0,0156;0,0096;0,0083;0,0019;0,0041;0,005;0,8626;0,0402;0,0417;0,5671;0,0189;0,0008;0,0005;0,0047;0,0003;0;0,0019;0,0081;0,0004;0,0014;0,1734;0,0129;0,0265;0,0073;0,0026;0,001;0,0013;0,0014;0,0026;0,0097;0,007;0,0077;0,0246;0,0013;0,0014;0,0158;0,0014;0,0166;0,0066;0,0074;0,4873;0,0282;0,0029;0,0001;0,0124
90310601;0,0025;0,0051;0,003;0,0025;0,0078;0,0011;0,0027;0,0001;0,0348;0,0023;0,0487;0,0034;0,0098;0,0027;0,0196;0,0084;0,0108;0,0145;0,0013;0,0041;0,0063;0,8357;0,0469;0,0637;0,2312;0,036;0,0003;0,0001;0,01;0,0008;0,0002;0,0012;0,0083;0,0005;0,0011;0,1912;0,0146;0,0222;0,0201;0,0027;0,0007;0,0011;0,0011;0,0009;0,0007;0,0079;0,0074;0,039;0,0041;0,0009;0,0193;0,0017;0,0207;0,005;0,0089;0,4037;0,0284;0,007;0,0002;0,0133
90320101;0,0043;0,0114;0,0014;0,0039;0,0265;0,0011;0,0044;0,0005;0,025;0,0054;0,0621;0,002;0,0141;0,0043;0,0317;0,0014;0,013;0,0089;0,0033;0,0041;0,0074;1,0288;0,0636;0,0488;0,2525;0,0393;0,0004;0,0003;0,0069;0,0006;0,0005;0,0011;0,0134;0,0003;0,0008;0,2776;0,0236;0,0312;0,0073;0,0043;0,0004;0,0008;0,0016;0,0019;0,0023;0,0076;0,0104;0,0342;0,001;0,0013;0,0209;0,0018;0,0193;0,0076;0,0151;0,2928;0,0414;0,007;0,0003;0,0128
90320201;0,0042;0,0098;0,0017;0,0033;0,0694;0,0011;0,0035;0,0001;0,0219;0,0117;0,0501;0,0039;0,0123;0,0037;0,0274;0,0026;0,0122;0,0027;0,0017;0,0036;0,0069;0,8983;0,0505;0,0369;0,2493;0,0335;0,0007;0,0001;0,008;0,0004;0,0005;0,0011;0,0107;0,0002;0,0009;0,2985;0,0203;0,0221;0,0083;0,0034;0,0007;0,0016;0,0018;0,0017;0,0019;0,0068;0,0083;0,0263;0,0014;0,0013;0,0164;0,0011;0,0123;0,006;0,0126;0,376;0,0397;0,0056;0,0002;0,0112
90320301;0,0025;0,0039;0,0014;0,0027;0,0039;0,0011;0,0026;0,0001;0,0244;0,0021;0,0661;0,0026;0,014;0,002;0,0216;0,0024;0,012;0,0049;0,0019;0,0032;0,0053;0,91;0,0479;0,0586;0,2826;0,0372;0,0004;0,0002;0,005;0,0003;0,0003;0,0012;0,0116;0,0003;0,0011;0,2196;0,0214;0,0234;0,0098;0,0032;0,0004;0,0013;0,0014;0,0008;0,0018;0,0071;0,0098;0,0372;0,0019;0,0013;0,0198;0,0018;0,0156;0,0073;0,0151;0,305;0,041;0,0053;0,0002;0,0131
90320501;0,003;0,004;0,0014;0,0016;0,004;0,0011;0,0028;0,0001;0,0225;0,0031;0,0807;0,0019;0,0158;0,0031;0,0331;0,0017;0,015;0,0017;0,0029;0,0031;0,0057;1,0845;0,0656;0,0543;0,442;0,0359;0;0,0002;0,0053;0,0004;0,0003;0,0009;0,0127;0,0005;0,0007;0,3052;0,0111;0,0179;0,0152;0,0028;0,0005;0,0011;0,0014;0,0011;0,0007;0,0081;0,0071;0,038;0,005;0,001;0,0167;0,0023;0,0107;0,0052;0,011;0,2146;0,0236;0,0052;0;0,0085
90320601;0,0025;0,0045;0,0017;0,0021;0,0049;0,0011;0,0022;0,0003;0,0282;0,0028;0,0677;0,0024;0,0145;0,0017;0,0225;0,002;0,0138;0,0079;0,0033;0,0041;0,0066;0,8492;0,0532;0,0543;0,4734;0,0323;0,0006;0,0001;0,0065;0,0005;0,0004;0,0015;0,0077;0,0005;0,0008;0,292;0,0139;0,0209;0,0112;0,0024;0,0004;0,001;0,0011;0,0012;0,0008;0,0084;0,0086;0,0371;0,0029;0,0008;0,0138;0,0019;0,0104;0,0056;0,0124;0,4068;0,0318;0,0055;0;0,0119
90320701;0,0039;0,0095;0,0046;0,0033;0,0086;0,0011;0,0034;0,0005;0,0245;0,0046;0,0576;0,0029;0,0138;0,0059;0,0355;0,0025;0,0128;0,0074;0,0023;0,0041;0,0056;1,3393;0,0548;0,0379;0,3069;0,0336;0,0001;0,0003;0,0026;0,0005;0,0004;0,0011;0,0121;0,0004;0,0012;0,289;0,0184;0,0211;0,0129;0,0025;0,0006;0,0011;0,0016;0,0012;0,0011;0,008;0,0075;0,0343;0,0053;0,0009;0,0109;0,0021;0,0128;0,0052;0,0097;0,2715;0,0366;0,0057;0,0002;0,0106